Time (s),Gyroscope x (rad/s),Gyroscope y (rad/s),Gyroscope z (rad/s)
0.05285611,-0.128430634737015,-0.0879620015621185,0.0933069214224815
0.072414496,-0.228609591722488,-0.0390942245721817,0.0700947195291519
0.0919721,-0.242048233747482,-0.00855186209082604,0.0444391369819641
0.111528871,-0.190737053751946,-0.0305423624813557,0.0114533863961697
0.131086527,-0.13820418715477,-0.0586413368582726,-0.0239757541567087
0.150644912,-0.072232685983181,-0.0794101431965828,-0.0484096445143223
0.170202516,-0.0196998249739409,-0.0757450610399246,-0.0496313385665417
0.189759287,-0.00259610079228878,0.0122169451788068,0.013896775431931
0.209316943,-0.00503948982805014,0.114839285612106,0.142174705862999
0.228875329,-0.00748287886381149,0.131943002343178,0.192264169454575
0.248432933,-0.0148130459710956,0.10628741979599,0.169051975011826
0.267989652,-0.0123696569353342,0.0757450610399246,0.0945286154747009
0.287547308,-0.0148130459710956,0.045202698558569,0.0297788046300411
0.307105693,-0.0282516852021217,0.0635281130671501,0.0200052484869957
0.326663298,-0.025808297097683,0.0928487852215767,0.0322221927344799
0.346220068,0.00351237179711461,0.0867403075098991,0.0383306667208672
0.365777725,0.0120642334222794,0.053754560649395,0.0200052484869957
0.38533611,-0.00626118434593082,-0.00733016710728407,-0.0154238929972053
0.404893714,-0.0368035472929478,-0.0109952501952648,-0.0325276181101799
0.424450485,-0.0563506595790386,0.0280989743769169,-0.0361927002668381
0.444008141,-0.0612374395132065,0.0403159186244011,-0.0313059203326702
0.463566527,-0.0673459097743034,0.0464243926107883,-0.00565033731982112
0.483124131,-0.0807845517992973,0.0879620015621185,0.0322221927344799
0.502680902,-0.072232685983181,0.119726061820984,0.0407740548253059
0.522238506,-0.0123696569353342,0.0818535313010216,0.00412321882322431
0.541796943,0.0731489583849907,0.0378725305199623,-0.0496313385665417
0.561354548,0.118351653218269,0.0439810007810593,-0.0691784545779228
0.580911266,0.0755923464894295,0.0610847249627113,-0.0386360883712769
0.600468923,0.0206160955131054,0.00733016710728407,-0.0068720318377018
0.620027308,0.0132859274744987,-0.0720799788832665,-0.0129805039614439
0.639584912,0.00595576083287597,-0.0842969194054604,-0.0398577824234962
0.659141683,-0.0392469353973866,-0.0464243926107883,-0.0423011742532253
0.678699339,-0.0868930220603943,-0.0207688063383102,-0.0251974500715733
0.698257725,-0.0905581042170525,-0.0390942245721817,-0.027640838176012
0.717815329,-0.042912021279335,-0.0794101431965828,-0.078952006995678
0.7373721,0.0181727055460215,-0.0806318372488022,-0.126598089933395
0.756929756,0.009620844386518,-0.0574196428060532,-0.11682453751564
0.776488141,-0.124765552580357,-0.120947755873203,-0.0765086188912392
0.796045746,-0.308019727468491,-0.241895511746407,-0.0752869248390198
0.815602516,-0.319014966487885,-0.331079214811325,-0.127819791436195
0.835160173,-0.106440134346485,-0.309088706970215,-0.198678076267242
0.854718558,0.194096714258194,-0.262664318084717,-0.226777046918869
0.874276162,0.399341404438019,-0.205244675278664,-0.169357404112816
0.893832933,0.41522341966629,-0.105065725743771,-0.0655133649706841
0.913390589,0.249072968959808,0.0317640565335751,0.0248920265585184
0.932948975,-0.0306950751692057,0.105065725743771,0.0688730254769325
0.952506579,-0.306798040866852,0.14782503247261,0.0652079433202744
0.97206335,-0.446071207523346,0.182032480835915,0.0432174429297447
0.991621006,-0.409420371055603,0.261442631483078,0.0175618585199118
1.011179391,-0.250600099563599,0.345739543437958,-0.0337493121623993
1.030736996,-0.072232685983181,0.339631080627441,-0.09605573117733
1.050293766,0.064597100019455,0.21501824259758,-0.151031985878944
1.069851423,0.130568608641624,0.0354291424155235,-0.179130956530571
1.08940986,0.0914743766188622,-0.0842969194054604,-0.149810284376144
1.108967464,-0.00748287886381149,-0.025655584409833,-0.0679567605257034
1.128524235,-0.0368035472929478,0.076966755092144,0.0285571087151766
1.148081891,0.0181727055460215,0.0757450610399246,0.0713164210319519
1.167640277,0.034054733812809,-0.0415376126766205,0.0175618585199118
1.187197881,-0.0868930220603943,-0.153933510184288,-0.0435228683054447
1.206754652,-0.264038741588593,-0.14782503247261,-0.0618482865393162
1.226312308,-0.380099713802338,-0.0342074483633041,-0.0264191441237927
1.245870693,-0.39231663942337,0.0439810007810593,-0.0313059203326702
1.26542835,-0.325123459100723,0.0488677807152271,-0.0801737010478973
1.284985068,-0.151642829179764,0,-0.0765086188912392
1.304542725,0.042606595903635,-0.0293206684291363,-0.0410794764757156
1.324101162,0.087809294462204,-0.00733016710728407,-0.0251974500715733
1.343658766,0.0523801520466805,0.0146603342145681,-0.0239757541567087
1.363215537,0.064597100019455,0.0317640565335751,0.0163401644676924
1.382773193,0.129346907138824,0.045202698558569,0.0566560849547386
1.402331579,0.169662833213806,0.0464243926107883,0.049325916916132
1.421889183,0.185544848442078,0.0219905003905296,0.0151184694841504
1.441445954,0.216087222099304,0.0268772803246975,0.00900999736040831
1.461003662,0.198983490467072,0.0464243926107883,0.0603211671113968
1.480562048,0.133011996746063,0.0464243926107883,0.105523861944675
1.500119652,0.0853659063577652,0.0549762547016144,0.125070974230766
1.519676423,0.102469630539417,0.100178949534893,0.131179451942444
1.539234079,0.178214684128761,0.164928764104843,0.143396392464638
1.558792516,0.229525864124298,0.210131451487541,0.16050012409687
1.578350121,0.186766549944878,0.178367406129837,0.195929259061813
1.597906891,0.0768140405416489,0.155155196785927,0.238688573241234
1.617464548,-0.025808297097683,0.199136212468147,0.271674305200577
1.637022933,-0.0331384651362896,0.250447362661362,0.282669574022293
1.656580537,0.080479122698307,0.221126705408096,0.243575349450111
1.676137308,0.288167208433151,0.0561979487538338,0.129957750439644
1.695695016,0.481194913387299,-0.135608091950417,0.0248920265585184
1.715253402,0.56427013874054,-0.21501824259758,0.0151184694841504
1.734811006,0.511737287044525,-0.185697570443153,0.087198443710804
1.754367777,0.357803791761398,-0.146603345870972,0.15927842259407
1.773925433,0.168441131711006,-0.114839285612106,0.151948258280754
1.793483871,-0.0282516852021217,0.00610847258940339,0.0933069214224815
1.813041475,-0.228609591722488,0.178367406129837,0.0688730254769325
1.832598246,-0.39231663942337,0.173480615019798,0.116519115865231
1.852155902,-0.444849520921707,-0.0415376126766205,0.125070974230766
1.871714339,-0.37521293759346,-0.23456534743309,0.0224486365914345
1.891271943,-0.229831278324127,-0.183254182338715,-0.078952006995678
1.910828714,-0.0600157417356968,-0.0305423624813557,-0.078952006995678
1.930386371,0.114686571061611,-0.0561979487538338,-0.0337493121623993
1.949944756,0.222195684909821,-0.204022988677025,-0.00931542087346315
1.969502412,0.223417386412621,-0.262664318084717,-0.00809372588992119
1.989059183,0.156224191188812,-0.185697570443153,-0.00198525353334844
2.008616839,0.0548235401511192,-0.0635281130671501,0.0444391369819641
2.028175225,-0.0392469353973866,-0.00366508355364203,0.0823116675019264
2.047732829,-0.113770298659801,-0.0354291424155235,0.0676513314247131
2.0672896,-0.161416381597519,-0.053754560649395,0.0322221927344799
2.086847308,-0.125987246632576,0.0366508364677429,-0.0178672820329666
2.106405693,0.0474933758378029,0.23334364593029,-0.104607589542866
2.125963298,0.262511610984802,0.416597843170166,-0.257319420576096
2.145520068,0.344365149736404,0.526550352573395,-0.337951242923737
2.165077777,0.304049223661423,0.588856756687164,-0.24510246515274
2.184636162,0.258846521377564,0.537545561790466,-0.0581832006573677
2.204193766,0.261289924383163,0.263886004686356,0.0224486365914345
2.223750537,0.28938889503479,-0.105065725743771,-0.0594048947095871
2.243308193,0.317487865686417,-0.378725290298462,-0.198678076267242
2.262866631,0.301605820655823,-0.420262902975082,-0.293970257043839
2.282424235,0.181879773736,-0.44958359003067,-0.264649569988251
2.301981006,-0.0209215190261602,-0.539988994598389,-0.175465881824493
2.321538662,-0.193180441856384,-0.401937484741211,-0.0581832006573677
2.341097048,-0.155307918787003,-0.083075225353241,0.049325916916132
2.360654704,0.064597100019455,0.0574196428060532,0.0737598091363907
2.380211423,0.209978744387627,-0.174702316522598,0.0151184694841504
2.399769079,0.167219430208206,-0.419041216373444,0.00778830237686634
2.419327516,0.0988045409321785,-0.232121959328651,-0.0129805039614439
2.438885121,0.122016742825508,0.1270562261343,-0.147366896271706
2.458441891,0.118351653218269,0.129499614238739,-0.213338404893875
2.477999548,-0.0355818532407284,-0.0940704792737961,-0.154697075486183
2.497557933,-0.216392636299133,-0.197914510965347,-0.0777303129434586
2.517115589,-0.250600099563599,-0.167372152209282,-0.0447445623576641
2.536672308,-0.196845531463623,-0.157598599791527,-0.0642916709184647
2.556229964,-0.206619083881378,-0.240673825144768,-0.0911689549684525
2.575788402,-0.261595338582993,-0.268772780895233,-0.0716218426823616
2.595346006,-0.244491621851921,-0.105065725743771,-0.0313059203326702
2.614902777,-0.140647575259209,0.0818535313010216,-0.0410794764757156
2.634460433,-0.072232685983181,0.118504367768765,-0.0239757541567087
2.654018818,-0.11743538826704,0.0867403075098991,0.0126750804483891
2.673576423,-0.178520113229752,0.101400643587112,0.0175618585199118
2.693133193,-0.168746560811996,0.141716569662094,0.00534491334110498
2.71269085,-0.136982500553131,0.150268420577049,0.00900999736040831
2.732249287,-0.119878776371479,0.125834539532661,0.0114533863961697
2.751806891,-0.103996746242046,0.0610847249627113,-0.0068720318377018
2.77136361,-0.0795628577470779,0.0647498071193695,-0.0532964244484901
2.790921266,-0.042912021279335,0.166150450706482,-0.0752869248390198
2.810479704,0.0120642334222794,0.183254182338715,-0.030084228143096
2.830037308,0.0328330397605896,0.0745233669877052,0.0358872748911381
2.849594027,-0.00748287886381149,-0.00733016710728407,0.0371089726686478
2.869151683,-0.0697892978787422,0.0232121963053942,-0.000763559073675424
2.888710121,-0.106440134346485,0.130721315741539,-0.0447445623576641
2.908267725,-0.123543858528137,0.250447362661362,-0.0557398125529289
2.927824443,-0.189515367150307,0.267551094293594,-0.0239757541567087
2.9473821,-0.356887519359589,0.162485376000404,0.00778830237686634
2.966940485,-0.543806791305542,0.0635281130671501,-0.00931542087346315
2.986498089,-0.597561359405518,0.0977355614304543,-0.0251974500715733
3.00605486,-0.441184431314468,0.160041987895966,-0.00931542087346315
3.025612516,-0.0820062458515167,0.0671931952238083,-0.0618482865393162
3.045170902,0.349251925945282,-0.178367406129837,-0.18279604613781
3.064728506,0.614359617233276,-0.261442631483078,-0.22311195731163
3.084285277,0.619246423244476,-0.0879620015621185,-0.124154701828957
3.103842933,0.435992240905762,0.197914510965347,0.087198443710804
3.123401318,0.181879773736,0.416597843170166,0.309546858072281
3.142958923,-0.025808297097683,0.398272424936295,0.41705596446991
3.162515641,-0.144312664866447,0.109952509403229,0.41949936747551
3.182073298,-0.201732307672501,-0.346961230039597,0.321763783693314
3.201631683,-0.276255667209625,-0.714691281318665,0.198372647166252
3.221189287,-0.314128190279007,-0.825865507125855,0.134844526648521
3.240746058,-0.265260428190231,-0.640167951583862,0.120184198021889
3.260303662,-0.162638083100319,-0.262664318084717,0.150726556777954
3.2798621,-0.0734543800354004,0.0720799788832665,0.193485870957375
3.299419652,-0.0123696569353342,0.278546363115311,0.181268930435181
3.318976423,0.0792574286460877,0.31886225938797,0.144618093967438
3.338534079,0.183101460337639,0.244338899850845,0.0969720035791397
3.358092464,0.175771296024323,0.197914510965347,0.0151184694841504
3.377650016,0.0609320141375065,0.173480615019798,-0.0826170891523361
3.397206787,0.00595576083287597,0.131943002343178,-0.191347897052765
3.416764443,0.120795048773289,0.156376898288727,-0.295191943645477
3.436322829,0.321152955293655,0.298093467950821,-0.375823765993118
3.455880381,0.451874256134033,0.238230437040329,-0.361163437366486
3.475437152,0.379794269800186,0.0720799788832665,-0.257319420576096
3.494994756,0.174549609422684,0.0183254182338715,-0.115602843463421
3.514553141,-0.0746760740876198,0.076966755092144,0.187377393245697
3.534110746,-0.308019727468491,-0.0293206684291363,0.494022727012634
3.553667464,-0.364217668771744,-0.415376126766205,0.402395635843277
3.573225121,-0.182185187935829,-0.675597071647644,-0.00809372588992119
3.592783506,-0.0221432130783796,-0.361621588468552,-0.320847511291504
3.61234111,0.00351237179711461,0.200357899069786,-0.24510246515274
3.631897829,0.0939177647233009,0.47157409787178,0.0688730254769325
3.651455485,0.433548837900162,0.241895511746407,0.226471617817879
3.671013871,0.93200021982193,-0.266329407691956,0.049325916916132
3.690571423,1.18122589588165,-0.417819529771805,-0.298857033252716
3.710128141,0.957655787467957,-0.205244675278664,-0.46012070775032
3.729685798,0.370020717382431,0.0781884491443634,-0.385597318410873
3.749244183,-0.271368891000748,0.216239929199219,-0.188904508948326
3.768801735,-0.673306405544281,0.188140958547592,-0.0642916709184647
3.788358506,-0.738056182861328,0.111174203455448,-0.0459662564098835
3.80791611,-0.558467090129852,0.0219905003905296,-0.0435228683054447
3.827474496,-0.319014966487885,-0.0403159186244011,-0.00442864280194044
3.8470321,-0.112548604607582,-0.0635281130671501,0.0456608310341835
3.866588818,0.0401632077991962,-0.0696365907788277,0.0762031972408295
3.886146423,0.141563847661018,-0.0916270911693573,0.0603211671113968
3.905704808,0.157445877790451,-0.10628741979599,0.00900999736040831
3.92526236,0.0621537081897259,-0.150268420577049,-0.0435228683054447
3.944819131,-0.0746760740876198,-0.194249421358109,-0.0704001486301422
3.964376735,-0.149199441075325,-0.199136212468147,-0.0642916709184647
3.983935121,-0.129652336239815,-0.163707062602043,-0.0484096445143223
4.003492673,-0.107661828398705,-0.100178949534893,-0.030084228143096
4.023049391,-0.157751306891441,-0.0268772803246975,0.00290152453817427
4.042607048,-0.24571330845356,0.0366508364677429,0.0456608310341835
4.062165381,-0.231052979826927,0.076966755092144,0.0823116675019264
4.081722985,-0.0563506595790386,0.025655584409833,0.0945286154747009
4.101279704,0.151337414979935,-0.0610847249627113,0.0737598091363907
4.120837308,0.217308908700943,-0.0158820282667875,0.0383306667208672
4.140395693,0.119573347270489,0.0916270911693573,0.0151184694841504
4.159953246,0.0193943995982409,0.237008735537529,-0.0288625322282314
4.179509964,0.0389415137469769,0.494786292314529,-0.078952006995678
4.199067621,0.162332653999329,0.736681818962097,-0.115602843463421
4.218625954,0.378572583198547,0.700030982494354,-0.119267925620079
4.238183558,0.493411868810654,0.42759308218956,0.00534491334110498
4.257740277,0.390789538621902,0.0122169451788068,0.15927842259407
4.277297881,0.272285163402557,-0.381168693304062,0.109188944101334
4.296856214,0.304049223661423,-0.593743562698364,-0.0826170891523361
4.316413818,0.37612920999527,-0.492342889308929,-0.213338404893875
4.335970537,0.313822776079178,-0.120947755873203,-0.171800792217255
4.355528141,0.150115713477135,0.120947755873203,0.0285571087151766
4.375086475,0.009620844386518,0.162485376000404,0.200816035270691
4.394644079,-0.0453554093837738,0.119726061820984,0.247240424156189
4.414200798,-0.0123696569353342,0.0134386401623487,0.188599094748497
4.433758402,-0.00992626789957285,-0.118504367768765,0.0713164210319519
4.453316735,-0.0978882759809494,-0.205244675278664,0.00534491334110498
4.472874287,-0.206619083881378,-0.219905018806458,-0.00809372588992119
4.492431006,-0.283585846424103,-0.217461630702019,-0.00809372588992119
4.511988662,-0.309241414070129,-0.30175855755806,-0.0178672820329666
4.531546996,-0.308019727468491,-0.389720559120178,-0.0471879504621029
4.551104548,-0.306798040866852,-0.334744304418564,-0.0875038728117943
4.570661266,-0.297024488449097,-0.0623064190149307,-0.124154701828957
4.590218871,-0.244491621851921,0.284654825925827,-0.124154701828957
4.609777204,-0.165081471204758,0.439810037612915,-0.0630699768662453
4.629334756,-0.133317410945892,0.219905018806458,-0.00198525353334844
4.648891475,-0.124765552580357,-0.160041987895966,0.00290152453817427
4.668449079,0.00473406631499529,-0.267551094293594,-0.0740652307868004
4.688007464,0.272285163402557,-0.00855186209082604,-0.121711313724518
4.707565016,0.427440375089645,0.248003989458084,-0.0850604772567749
4.727121683,0.181879773736,0.166150450706482,0.0273354146629572
4.746679339,-0.383764803409576,0.0183254182338715,0.165386900305748
4.766237673,-0.692853510379791,-0.0232121963053942,0.241131961345673
4.785795225,-0.413085460662842,-0.200357899069786,0.166608586907387
4.805351943,0.115908265113831,-0.51188999414444,-0.0349710062146187
4.824909496,0.310157686471939,-0.525328636169434,-0.105829291045666
4.844467881,0.0474933758378029,-0.114839285612106,0.131179451942444
4.864025433,-0.259151935577393,0.160041987895966,0.486692547798157
4.8835821,-0.262817025184631,0.0244338903576136,0.545333862304688
4.903139704,0.00717745535075665,-0.249225676059723,0.287556350231171
4.922698037,0.312601089477539,-0.310310393571854,-0.0264191441237927
4.942255589,0.472643077373505,-0.109952509403229,-0.163248926401138
4.961812308,0.459204435348511,0.130721315741539,-0.154697075486183
4.981369912,0.315044462680817,0.290763288736343,-0.114381149411201
5.000928246,0.184323161840439,0.304201930761337,-0.110716067254543
5.020485798,0.156224191188812,0.226013481616974,-0.124154701828957
5.040042516,0.208757057785988,0.186919257044792,-0.138815045356751
5.059600068,0.291832268238068,0.201579600572586,-0.142480120062828
5.079158454,0.39323291182518,0.166150450706482,-0.146145209670067
5.098715954,0.461647808551788,0.0757450610399246,-0.166914016008377
5.118272673,0.422553598880768,0.0195471122860909,-0.204786539077759
5.137830277,0.26739838719368,0.0171037241816521,-0.213338404893875
5.15738861,0.0242811776697636,-0.025655584409833,-0.165692314505577
5.176946162,-0.26648211479187,-0.103844031691551,-0.127819791436195
5.196502829,-0.496160686016083,-0.131943002343178,-0.110716067254543
5.216060433,-0.551136910915375,-0.0806318372488022,-0.09605573117733
5.235618766,-0.425302416086197,-0.00733016710728407,-0.0532964244484901
5.255176318,-0.253043472766876,0.0965138673782349,0.0236703306436539
5.274733037,-0.103996746242046,0.19180603325367,0.0896418318152428
5.294290589,0.0694838762283325,0.252890765666962,0.0994153916835785
5.313848923,0.277171939611435,0.267551094293594,0.057877779006958
5.333406475,0.409114956855774,0.227235183119774,0.0212269425392151
5.352963193,0.416445106267929,0.244338899850845,0.0627645552158356
5.372520746,0.293053984642029,0.298093467950821,0.166608586907387
5.392079079,0.0352764278650284,0.184475868940353,0.115297421813011
5.411636631,-0.254265159368515,-0.10750912129879,-0.204786539077759
5.43119335,-0.505934238433838,-0.289541602134705,-0.461342394351959
5.450750902,-0.579235911369324,-0.152711808681488,-0.423469871282578
5.470309235,-0.428967475891113,0.122169449925423,-0.0875038728117943
5.489866787,-0.213949248194695,0.201579600572586,0.385291904211044
5.509423454,0.00229067727923393,-0.0659715011715889,0.627187430858612
5.528981058,0.272285163402557,-0.342074453830719,0.452485114336014
5.548539391,0.516624093055725,-0.216239929199219,0.0542126931250095
5.568096943,0.527619302272797,0.206466376781464,-0.0997208133339882
5.58765361,0.301605820655823,0.507003247737885,-0.0068720318377018
5.607211214,-0.00626118434593082,0.452026963233948,0.11774080991745
5.626769548,-0.240826532244682,0.204022988677025,0.153169944882393
5.646327048,-0.341005474328995,-0.0207688063383102,0.121405892074108
5.665883766,-0.33123192191124,-0.101400643587112,0.0774248912930489
5.685441318,-0.251821786165237,-0.169815540313721,0.0700947195291519
5.704999652,-0.221279412508011,-0.229678571224213,0.103080473840237
5.724557204,-0.257930248975754,-0.184475868940353,0.122627586126328
5.744113871,-0.265260428190231,-0.0500894747674465,0.0823116675019264
5.763671423,-0.194402143359184,0.0879620015621185,-0.0154238929972053
5.783229756,-0.0771194696426392,0.114839285612106,-0.136371657252312
5.802787308,0.042606595903635,0.0305423624813557,-0.208451628684998
5.822343975,0.0792574286460877,-0.0183254182338715,-0.193791300058365
5.841901579,0.0377198196947575,-0.0122169451788068,-0.120489619672298
5.86145986,0.0120642334222794,-0.045202698558569,-0.0850604772567749
5.881017412,0.0670404881238937,-0.130721315741539,-0.136371657252312
5.900574079,0.150115713477135,-0.21501824259758,-0.246324151754379
5.920131683,0.163554355502129,-0.144159957766533,-0.303743809461594
5.939690016,0.144007235765457,0.122169449925423,-0.254876017570496
5.959247516,0.220973998308182,0.372616827487946,-0.110716067254543
5.978804183,0.378572583198547,0.329857528209686,0.0444391369819641
5.998361787,0.379794269800186,-0.0415376126766205,0.063986249268055
6.017920068,0.0780357345938683,-0.397050708532333,-0.121711313724518
6.037477621,-0.417972236871719,-0.291984975337982,-0.293970257043839
6.057034287,-0.855338871479034,0.185697570443153,-0.198678076267242
6.076591891,-0.911536812782288,0.42514967918396,0.110410645604134
6.096150173,-0.474170178174973,0.153933510184288,0.316877007484436
6.115707725,0.189209938049316,-0.272437870502472,0.241131961345673
6.135264391,0.604586064815521,-0.328635811805725,0.0236703306436539
6.154821943,0.607029438018799,-0.0427593067288399,-0.0923906490206718
6.174380277,0.315044462680817,0.322527348995209,-0.0520747303962708
6.193937777,-0.0905581042170525,0.43003648519516,0.0933069214224815
6.213494443,-0.411863774061203,0.313975483179092,0.217919766902924
6.233052048,-0.46195325255394,0.129499614238739,0.247240424156189
6.252610329,-0.206619083881378,-0.0390942245721817,0.144618093967438
6.272167881,0.156224191188812,-0.0916270911693573,-0.0337493121623993
6.291724548,0.367577344179153,-0.00855186209082604,-0.120489619672298
6.3112821,0.348030239343643,0.0867403075098991,-0.0850604772567749
6.330840381,0.197761803865433,0.102622337639332,-0.019088976085186
6.350397933,0.0193943995982409,0.0195471122860909,0.0297788046300411
6.3699546,-0.134539112448692,-0.0928487852215767,0.0383306667208672
6.389512152,-0.232274666428566,-0.145381644368172,0.00412321882322431
6.409070485,-0.282364159822464,-0.133164703845978,-0.0142021989449859
6.428627985,-0.358109205961227,-0.134386390447617,0.0481042228639126
6.448184652,-0.564575552940369,-0.21501824259758,0.186155706644058
6.467742204,-0.784480571746826,-0.221126705408096,0.254570603370667
6.487300537,-0.71117889881134,-0.0513111688196659,0.184934005141258
6.506858037,-0.199288919568062,0.0280989743769169,0.0358872748911381
6.526414704,0.451874256134033,0.0342074483633041,-0.0923906490206718
6.545972256,0.754854500293732,0.151490122079849,-0.0899472609162331
6.565530589,0.527619302272797,0.269994497299194,0.0151184694841504
6.585088089,0.0377198196947575,0.21501824259758,0.0981936976313591
6.604644756,-0.267703801393509,-0.0354291424155235,-0.0361927002668381
6.624202308,-0.284807533025742,-0.162485376000404,-0.292748540639877
6.643760589,-0.218836024403572,0.0366508364677429,-0.451568841934204
6.663318089,-0.308019727468491,0.631616055965424,-0.313517361879349
6.682874756,-0.501047492027283,1.03233182430267,0.145839780569077
6.70243236,-0.326345145702362,0.564422845840454,0.420721054077148
6.721990641,0.344365149736404,-0.346961230039597,0.121405892074108
6.741548141,0.966207623481751,-0.720799744129181,-0.414918005466461
6.761104808,0.979646265506744,-0.416597843170166,-0.526092231273651
6.78066236,0.459204435348511,0.136829793453217,-0.179130956530571
6.800220641,-0.146756052970886,0.283433139324188,0.35474956035614
6.819778141,-0.475391864776611,0.00855186209082604,0.665059924125671
6.839334808,-0.428967475891113,-0.40560257434845,0.625965714454651
6.85889236,-0.166303172707558,-0.593743562698364,0.35474956035614
6.878450693,0.0523801520466805,-0.554649293422699,0.134844526648521
6.898008193,0.0328330397605896,-0.485012710094452,0.0945286154747009
6.917564808,-0.162638083100319,-0.454470366239548,0.0908635333180428
6.937122412,-0.397203415632248,-0.366508364677429,0.0627645552158356
6.956680693,-0.573127448558807,-0.14782503247261,0.0126750804483891
6.976238193,-0.606113195419312,0.0635281130671501,-0.0471879504621029
6.995794808,-0.474170178174973,0.0891837030649185,-0.0752869248390198
7.015352412,-0.240826532244682,-0.00366508355364203,-0.115602843463421
7.034910693,-0.0832279399037361,-0.00610847258940339,-0.174244180321693
7.054468193,-0.0844496339559555,0.1282779276371,-0.208451628684998
7.074024808,-0.111326910555363,0.135608091950417,-0.230442121624947
7.09358236,-0.0306950751692057,-0.0378725305199623,-0.278088212013245
7.113140693,0.147672325372696,-0.219905018806458,-0.345281422138214
7.132698193,0.295497357845306,-0.304201930761337,-0.357498347759247
7.152254808,0.306492626667023,-0.307867020368576,-0.22433365881443
7.17181236,0.190431639552116,-0.205244675278664,0.0517693050205708
7.191370641,0.0181727055460215,0.0232121963053942,0.368188172578812
7.210928141,-0.0612374395132065,0.0293206684291363,0.486692547798157
7.230484808,0.0853659063577652,-0.260220944881439,0.15805672109127
7.25004236,0.277171939611435,-0.294428378343582,-0.379488855600357
7.269600641,0.164776042103767,0.0781884491443634,-0.486997991800308
7.289158141,-0.0758977755904198,0.370173424482346,-0.197456374764442
7.308714756,-0.049020491540432,0.172258928418159,0.0847550556063652
7.328272308,0.356582075357437,-0.222348406910896,0.0554343871772289
7.347830589,0.677887737751007,-0.262664318084717,-0.0606265887618065
7.367388089,0.658340632915497,0.0977355614304543,-0.0117588099092245
7.386944756,0.385902762413025,0.38361206650734,0.209367901086807
7.406502308,0.0621537081897259,0.431258171796799,0.364523112773895
7.426060589,-0.111326910555363,0.30175855755806,0.348641067743301
7.445617985,-0.0807845517992973,0.141716569662094,0.215476363897324
7.465174704,0.0988045409321785,0.0623064190149307,0.0432174429297447
7.484732256,0.317487865686417,0.0720799788832665,-0.0777303129434586
7.504290537,0.515402376651764,0.119726061820984,-0.137593343853951
7.523848037,0.660784006118774,0.179589092731476,-0.164470627903938
7.543404652,0.713316857814789,0.222348406910896,-0.151031985878944
7.562962204,0.622911512851715,0.273659586906433,-0.0765086188912392
7.582520485,0.349251925945282,0.349404633045197,0.0468825288116932
7.602077985,-0.0844496339559555,0.406824260950089,0.165386900305748
7.6216346,-0.537698328495026,0.334744304418564,0.187377393245697
7.641192152,-0.867555797100067,0.0977355614304543,0.15927842259407
7.660750433,-1.01171576976776,-0.168593838810921,0.123849280178547
7.680307933,-0.912758529186249,-0.34085276722908,0.0713164210319519
7.699864548,-0.628103673458099,-0.387277156114578,0.0273354146629572
7.7194221,-0.275033980607986,-0.306645333766937,-0.0496313385665417
7.738980381,-0.0282516852021217,-0.117282673716545,-0.146145209670067
7.758537881,0.0572669319808483,0.157598599791527,-0.179130956530571
7.778094496,0.0352764278650284,0.238230437040329,-0.0655133649706841
7.797652048,0.0267245676368475,0.133164703845978,0.0395523607730866
7.817210329,0.087809294462204,-0.0195471122860909,-0.0313059203326702
7.836767829,0.170884519815445,-0.0610847249627113,-0.164470627903938
7.856324443,0.167219430208206,0.0928487852215767,-0.133928254246712
7.875881996,0.0389415137469769,0.409267663955689,0.13850961625576
7.895440277,-0.147977754473686,0.548540830612183,0.644291162490845
7.914997673,-0.151642829179764,0.268772780895233,1.06821918487549
7.934554391,0.157445877790451,-0.2565558552742,1.02790319919586
7.954111891,0.420110195875168,-0.53632390499115,0.689493834972382
7.973670225,0.324818015098572,-0.432479858398438,0.448820024728775
7.993227621,-0.0013744062744081,-0.2565558552742,0.370631575584412
8.012784287,-0.222501114010811,-0.21257483959198,0.249683812260628
8.032341839,-0.200510606169701,-0.252890765666962,-0.0203106720000505
8.051900121,-0.0856713280081749,-0.291984975337982,-0.231663823127747
8.071457621,0.0364981219172478,-0.311532109975815,-0.276866525411606
8.091014235,0.158667579293251,-0.295650064945221,-0.22433365881443
8.110571787,0.242964491248131,-0.224791795015335,-0.188904508948326
8.130130068,0.255181431770325,-0.1282779276371,-0.193791300058365
8.149687464,0.184323161840439,-0.00610847258940339,-0.1608055382967
8.169244183,0.00839914940297604,0.162485376000404,-0.0557398125529289
8.188801683,-0.18096350133419,0.237008735537529,0.0163401644676924
8.208359964,-0.298246175050736,0.21257483959198,-0.000763559073675424
8.227917464,-0.328788548707962,0.19180603325367,-0.0862821787595749
8.247474079,-0.289694309234619,0.145381644368172,-0.169357404112816
8.267031631,-0.173633337020874,-0.0647498071193695,-0.188904508948326
8.286589912,0.0499367639422417,-0.379947006702423,-0.249989241361618
8.306147308,0.263733297586441,-0.44958359003067,-0.308630585670471
8.325704027,0.284502118825913,-0.175924003124237,-0.240215688943863
8.345261527,0.120795048773289,0.0977355614304543,-0.0752869248390198
8.364819808,-0.0526855774223805,0.157598599791527,0.118962503969669
8.384377308,-0.133317410945892,0.102622337639332,0.276561111211777
8.403933923,-0.0807845517992973,-0.0427593067288399,0.289999723434448
8.423491475,0.0707055702805519,-0.21501824259758,0.0664296373724937
8.443049756,0.195318415760994,-0.309088706970215,-0.282974988222122
8.462607152,0.102469630539417,-0.185697570443153,-0.425913244485855
8.482163818,-0.167524859309196,0.114839285612106,-0.246324151754379
8.501721371,-0.33367532491684,0.335965991020203,0.188599094748497
8.521279652,-0.184628590941429,0.388498842716217,0.527008473873138
8.540837152,0.285723805427551,0.197914510965347,0.505017995834351
8.560393766,0.793948709964752,0.0244338903576136,0.166608586907387
8.579951266,0.968651056289673,0.00977355614304543,-0.120489619672298
8.599509548,0.731642305850983,0.113617591559887,-0.158362150192261
8.619067048,0.266176700592041,0.257777541875839,-0.0642916709184647
8.638623662,-0.177298411726952,0.317640572786331,0.0566560849547386
8.658181214,-0.466840028762817,0.30175855755806,0.142174705862999
8.677739443,-0.530368149280548,0.152711808681488,0.166608586907387
8.697296943,-0.377656310796738,-0.0305423624813557,0.105523861944675
8.716853558,-0.113770298659801,-0.122169449925423,-0.0105371149256825
8.73641111,0.0902526825666428,-0.0928487852215767,-0.0936123430728912
8.755969391,0.113464877009392,0,-0.0936123430728912
8.775526787,-0.00748287886381149,0.0635281130671501,-0.0386360883712769
8.795083454,-0.174855023622513,0.0720799788832665,0.0126750804483891
8.814641006,-0.311684817075729,-0.00610847258940339,0.0383306667208672
8.834199287,-0.343448877334595,-0.114839285612106,0.0334438867866993
8.853756683,-0.267703801393509,-0.133164703845978,0.0102316914126277
8.873313402,-0.196845531463623,0.0146603342145681,0.0297788046300411
8.892870902,-0.207840785384178,0.298093467950821,0.129957750439644
8.912429183,-0.240826532244682,0.498451352119446,0.249683812260628
8.931986579,-0.177298411726952,0.393385648727417,0.243575349450111
8.951543298,0.087809294462204,0.0623064190149307,0.0444391369819641
8.971100798,0.330926507711411,-0.0733016729354858,-0.169357404112816
8.990659079,0.277171939611435,0.0684148967266083,-0.187682822346687
9.010216475,-0.0196998249739409,0.226013481616974,0.00534491334110498
9.029773193,-0.244491621851921,0.0525328628718853,0.134844526648521
9.049330693,-0.17974179983139,-0.164928764104843,-0.00565033731982112
9.068888975,0.189209938049316,-0.151490122079849,-0.286640077829361
9.088446371,0.561826765537262,-0.0415376126766205,-0.483332902193069
9.108003089,0.538614571094513,0.177145704627037,-0.324512600898743
9.127560589,0.0829225182533264,0.649941504001617,0.35230615735054
9.147118871,-0.26892551779747,0.910162389278412,0.979035437107086
9.166676266,-0.0551289655268192,0.444696813821793,0.944827973842621
9.186232985,0.433548837900162,-0.248003989458084,0.318098723888397
9.205790485,0.620468080043793,-0.456913739442825,-0.342838019132614
9.225348766,0.362690567970276,-0.21257483959198,-0.585955262184143
9.244906162,-0.000152711814735085,0.0549762547016144,-0.497993230819702
9.264462829,-0.206619083881378,-0.0439810007810593,-0.320847511291504
9.284020381,-0.248156696557999,-0.315197199583054,-0.213338404893875
9.303578662,-0.188293665647507,-0.579083204269409,-0.166914016008377
9.323136058,-0.128430634737015,-0.593743562698364,-0.125376403331757
9.342692725,-0.132095724344254,-0.423927992582321,-0.0496313385665417
9.362250277,-0.228609591722488,-0.280989736318588,0.0187835525721312
9.381808506,-0.366661071777344,-0.197914510965347,0.0114533863961697
9.401366006,-0.482722043991089,-0.0891837030649185,-0.0642916709184647
9.420922621,-0.521816253662109,-0.0158820282667875,-0.108272679150105
9.440480173,-0.493717283010483,-0.0464243926107883,-0.0765086188912392
9.460038402,-0.410642057657242,-0.122169449925423,-0.0386360883712769
9.479595902,-0.277477353811264,-0.102622337639332,-0.0361927002668381
9.499152516,-0.0746760740876198,0.0390942245721817,-0.0911689549684525
9.518710016,0.156224191188812,0.201579600572586,-0.188904508948326
9.538268298,0.284502118825913,0.290763288736343,-0.24510246515274
9.557825693,0.262511610984802,0.44714018702507,-0.100942507386208
9.57738236,0.384681075811386,0.486234426498413,0.183712318539619
9.596939912,0.743859231472015,0.210131451487541,0.391400367021561
9.616498193,0.986976444721222,-0.185697570443153,0.409725785255432
9.636055589,0.842816531658173,-0.313975483179092,0.30832514166832
9.655612256,0.398119688034058,-0.204022988677025,0.156835034489632
9.675169756,-0.00992626789957285,-0.0879620015621185,-0.0704001486301422
9.694728037,-0.172411635518074,-0.103844031691551,-0.314739048480988
9.714285433,-0.240826532244682,-0.0415376126766205,-0.344059705734253
9.733842152,-0.341005474328995,0.188140958547592,-0.09605573117733
9.753399652,-0.295802772045136,0.262664318084717,0.15805672109127
9.772957933,0.0267245676368475,-0.0952921733260155,0.171495363116264
9.792515329,0.26984179019928,-0.302980244159699,0.0187835525721312
9.812071996,0.162332653999329,-0.10750912129879,-0.0569615066051483
9.831629496,-0.155307918787003,0.221126705408096,0.0163401644676924
9.851187777,-0.411863774061203,0.282211422920227,0.151948258280754
9.870745173,-0.413085460662842,-0.0146603342145681,0.15805672109127
9.890301839,-0.233496367931366,-0.400715798139572,0.0444391369819641
9.909859339,-0.0881147161126137,-0.494786292314529,-0.09605573117733
9.929417621,-0.0416903272271156,-0.298093467950821,-0.127819791436195
9.948975016,-0.0221432130783796,-0.045202698558569,-0.0435228683054447
9.968531683,0.00106898276135325,0.0598630309104919,0.0798682793974876
9.988089235,-0.0184781290590763,0.0403159186244011,0.125070974230766
10.007647464,-0.0978882759809494,-0.0476460866630077,0.0444391369819641
10.027204964,-0.198067218065262,-0.113617591559887,-0.109494373202324
10.046761579,-0.240826532244682,-0.146603345870972,-0.212116703391075
10.066319079,-0.178520113229752,-0.244338899850845,-0.22433365881443
10.085877308,-0.0771194696426392,-0.346961230039597,-0.173022478818893
10.105434808,-0.0123696569353342,-0.31886225938797,-0.108272679150105
10.124991423,0.0352764278650284,-0.151490122079849,-0.0313059203326702
10.144548923,0.081700824201107,0.00244338903576136,0.0713164210319519
10.164107152,0.108578100800514,0.0464243926107883,0.149504870176315
10.183664652,0.106134712696075,0.045202698558569,0.178825542330742
10.203221214,0.0841442123055458,0.141716569662094,0.182490617036819
10.222778766,0.064597100019455,0.161263674497604,0.188599094748497
10.242336996,-0.0624591335654259,0.0293206684291363,0.247240424156189
10.261894391,-0.199288919568062,0.144159957766533,0.136066228151321
10.281451058,-0.0893364101648331,0.646276414394379,-0.391705811023712
10.30100861,0.0926960706710815,0.896723747253418,-0.88282698392868
10.320566839,-0.0710109919309616,0.410489350557327,-0.724006712436676
10.340124235,-0.358109205961227,-0.221126705408096,-0.179130956530571
10.359680902,-0.416750550270081,-0.393385648727417,0.243575349450111
10.379238402,-0.259151935577393,-0.185697570443153,0.406060725450516
10.398796683,0.00717745535075665,0.102622337639332,0.325428873300552
10.418354079,0.24785128235817,0.305423617362976,0.13973131775856
10.437910746,0.338256657123566,0.274881273508072,0.0261137206107378
10.457468246,0.277171939611435,0.0904053971171379,-0.0288625322282314
10.477026475,0.158667579293251,-0.0610847249627113,-0.0374143943190575
10.496583871,0.0218377895653248,-0.105065725743771,0.00412321882322431
10.516140589,-0.0893364101648331,-0.103844031691551,0.0664296373724937
10.535698089,-0.0636808276176453,-0.173480615019798,0.0920852273702622
10.555256318,0.0658187940716744,-0.268772780895233,0.0725381150841713
10.574813714,0.141563847661018,-0.306645333766937,0.00534491334110498
10.594370381,0.104913018643856,-0.274881273508072,-0.0264191441237927
10.613927881,0.0328330397605896,-0.164928764104843,-0.000763559073675424
10.63348611,0.00351237179711461,-0.00610847258940339,0.0358872748911381
10.65304361,0.0694838762283325,0.112395897507668,-0.00442864280194044
10.672600173,0.197761803865433,0.186919257044792,-0.0826170891523361
10.692157673,0.278393626213074,0.222348406910896,-0.113159455358982
10.711715954,0.214865520596504,0.238230437040329,-0.0813953951001167
10.73127335,0.0719272643327713,0.140494868159294,-0.0594048947095871
10.750830016,0.0377198196947575,-0.0488677807152271,-0.137593343853951
10.770387516,0.179436385631561,-0.190584346652031,-0.285418391227722
10.789945746,0.278393626213074,-0.0586413368582726,-0.359941750764847
10.809503141,0.260068207979202,0.195471122860909,-0.314739048480988
10.829059808,0.216087222099304,0.379947006702423,-0.113159455358982
10.848617308,0.164776042103767,0.477682560682297,0.128736063838005
10.868175537,0.0633754059672356,0.366508364677429,0.202037736773491
10.887732933,-0.0526855774223805,0.0708582848310471,0.0224486365914345
10.9072896,-0.251821786165237,-0.0671931952238083,-0.248767539858818
10.9268471,-0.494938999414444,0.0268772803246975,-0.367271900177002
10.946405329,-0.554802000522614,0.135608091950417,-0.304965496063232
10.965962725,-0.334897011518478,0.144159957766533,-0.22311195731163
10.985519391,0.0694838762283325,0.155155196785927,-0.238993987441063
11.005076891,0.46042612195015,0.0696365907788277,-0.339172929525375
11.024635121,0.668114185333252,-0.162485376000404,-0.486997991800308
11.044192516,0.614359617233276,-0.379947006702423,-0.583511829376221
11.063749183,0.316266179084778,-0.289541602134705,-0.526092231273651
11.083306683,-0.0771194696426392,-0.0280989743769169,-0.249989241361618
11.102864912,-0.301911264657974,0.0671931952238083,0.0700947195291519
11.122422308,-0.244491621851921,-0.0268772803246975,0.189820781350136
11.141978975,-0.0123696569353342,-0.195471122860909,0.151948258280754
11.161536475,0.1806580722332,-0.278546363115311,0.063986249268055
11.181094704,0.214865520596504,-0.324970752000809,0.0187835525721312
11.2006521,0.128125205636024,-0.328635811805725,0.0358872748911381
11.220208766,0.0206160955131054,-0.239452123641968,0.0920852273702622
11.239766266,-0.0416903272271156,-0.0671931952238083,0.182490617036819
11.259324496,-0.0477987974882126,0.0696365907788277,0.258235692977905
11.278881891,-0.025808297097683,0.0989572554826737,0.293664813041687
11.298438558,-0.0306950751692057,0.0647498071193695,0.300994992256165
11.317995954,-0.11865708231926,0.0659715011715889,0.286334663629532
11.337554287,-0.260373651981354,0.131943002343178,0.269230931997299
11.357111631,-0.339783787727356,0.17103722691536,0.255792289972305
11.376668298,-0.259151935577393,0.0635281130671501,0.189820781350136
11.396225798,-0.0710109919309616,-0.119726061820984,0.0481042228639126
11.415784027,0.0865876004099846,-0.23578704893589,-0.103385895490646
11.435341423,0.141563847661018,-0.1282779276371,-0.22433365881443
11.454898089,0.113464877009392,0.0952921733260155,-0.24510246515274
11.474455589,0.034054733812809,0.167372152209282,-0.174244180321693
11.494013818,-0.0368035472929478,0.172258928418159,-0.148588597774506
11.513571214,0.109799794852734,0.0818535313010216,-0.282974988222122
11.533127829,0.41766682267189,-0.0342074483633041,-0.522427141666412
11.552685329,0.593590795993805,0.00244338903576136,-0.738667070865631
11.572243558,0.471421360969543,0.210131451487541,-0.794865012168884
11.591800954,0.244186192750931,0.378725290298462,-0.752105712890625
11.611357621,0.176992997527123,0.342074453830719,-0.749662280082703
11.630915121,0.315044462680817,0.112395897507668,-0.86327987909317
11.65047335,0.487303406000137,-0.19180603325367,-1.01477003097534
11.670030746,0.512959003448486,-0.384833782911301,-1.13083100318909
11.68958736,0.363912254571915,-0.372616827487946,-1.13816118240356
11.70914486,0.101247936487198,-0.283433139324188,-1.08807170391083
11.728703089,-0.187071979045868,-0.272437870502472,-1.08929336071014
11.748260485,-0.369104444980621,-0.345739543437958,-1.14793467521667
11.767817152,-0.386208176612854,-0.460578829050064,-1.20046758651733
11.787374652,-0.293359398841858,-0.517998456954956,-1.29209470748901
11.806932881,-0.154086217284203,-0.53143709897995,-1.49856102466583
11.826490277,-0.0502421855926514,-0.478904247283936,-1.75389516353607
11.846046891,0.0255028735846281,-0.305423617362976,-1.9518096446991
11.865604391,0.0572669319808483,-0.045202698558569,-2.06420564651489
11.885162621,0.0450499840080738,0.135608091950417,-2.17660140991211
11.904720016,0.0279462616890669,0.153933510184288,-2.2975492477417
11.924276683,0.0438282899558544,0.100178949534893,-2.41727542877197
11.943834183,0.0926960706710815,0.10628741979599,-2.52967119216919
11.963392412,0.130568608641624,0.0916270911693573,-2.63962364196777
11.982949808,0.134233683347702,-0.0561979487538338,-2.763014793396
12.002506423,0.0364981219172478,-0.237008735537529,-2.85097694396973
12.022063923,-0.121100470423698,-0.366508364677429,-2.87174558639526
12.041622152,-0.196845531463623,-0.493564575910568,-2.88396263122559
12.061179652,-0.162638083100319,-0.571753025054932,-2.94993424415588
12.080736214,-0.0820062458515167,-0.604738771915436,-3.04033946990967
12.100293714,-0.00992626789957285,-0.58030492067337,-3.07943367958069
12.119851943,0.0633754059672356,-0.505781531333923,-3.03789615631104
12.139409339,0.112243182957172,-0.459357142448425,-2.94749069213867
12.158966006,0.108578100800514,-0.554649293422699,-2.96215105056763
12.178523506,0.0303896516561508,-0.587635040283203,-3.04644799232483
12.198081735,-0.11743538826704,-0.377503603696823,-3.04644799232483
12.217639131,-0.306798040866852,-0.0989572554826737,-2.90228796005249
12.237195746,-0.43751934170723,-0.19180603325367,-2.70437359809876
12.256753246,-0.469283401966095,-0.581526577472687,-2.60175108909607
12.276311475,-0.435075968503952,-0.789214670658112,-2.64695382118225
12.295868871,-0.382543087005615,-0.517998456954956,-2.7165904045105
12.315425537,-0.294581085443497,-0.189362645149231,-2.71048188209534
12.334983037,-0.177298411726952,-0.152711808681488,-2.65672755241394
12.354541266,-0.0942231863737106,-0.291984975337982,-2.70193004608154
12.374098662,-0.129652336239815,-0.296871781349182,-2.8204345703125
12.393655329,-0.193180441856384,-0.0879620015621185,-2.89617967605591
12.413212829,-0.212727561593056,0.0952921733260155,-2.86075043678284
12.432771058,-0.205397397279739,0.173480615019798,-2.66405749320984
12.452328454,-0.191958755254745,0.130721315741539,-2.4087233543396
12.471885121,-0.176076725125313,-0.0134386401623487,-2.21936082839966
12.491442621,-0.145534366369247,-0.199136212468147,-2.12651205062866
12.51100085,-0.0905581042170525,-0.338409394025803,-2.14728093147278
12.530558246,-0.042912021279335,-0.394607335329056,-2.17904496192932
12.550114912,-0.0221432130783796,-0.397050708532333,-2.1399507522583
12.569672412,-0.0294733811169863,-0.423927992582321,-2.04588007926941
12.589230641,-0.0905581042170525,-0.433701545000076,-1.93714940547943
12.608788037,-0.166303172707558,-0.406824260950089,-1.85651755332947
12.628344704,-0.201732307672501,-0.310310393571854,-1.77710735797882
12.647902204,-0.184628590941429,-0.113617591559887,-1.63539087772369
12.667460433,-0.121100470423698,0.10750912129879,-1.41670751571655
12.687017829,0.0291679557412863,0.284654825925827,-1.20168924331665
12.706574496,0.277171939611435,0.561979472637177,-1.0294303894043
12.726131996,0.50196373462677,0.568087935447693,-0.851062953472138
12.745690277,0.442100703716278,-0.025655584409833,-0.733780264854431
12.765247673,0.0963611528277397,-0.752563834190369,-0.758214175701141
12.784804339,-0.172411635518074,-1.12884569168091,-0.912147641181946
12.804361839,-0.134539112448692,-1.12884569168091,-1.07951986789703
12.823920121,0.113464877009392,-0.844190895557404,-1.16992521286011
12.843477516,0.428662061691284,-0.572974741458893,-1.25177872180939
12.863034183,0.686439633369446,-0.351848006248474,-1.37272655963898
12.882591683,0.82082599401474,-0.0891837030649185,-1.49000918865204
12.902149964,0.71453857421875,0.255334168672562,-1.49489593505859
12.92170736,0.258846521377564,0.624285876750946,-1.32630205154419
12.941264027,-0.378878027200699,0.85518616437912,-1.11494898796082
12.960821527,-0.856560587882996,0.693922460079193,-0.934138178825378
12.980379808,-0.895654797554016,0.21501824259758,-0.805860221385956
12.999937204,-0.512042701244354,-0.228456869721413,-0.749662280082703
13.019493923,-0.0807845517992973,-0.30175855755806,-0.720341622829437
13.039051423,0.0926960706710815,-0.025655584409833,-0.654370129108429
13.058609704,0.0951394587755203,0.266329407691956,-0.664143681526184
13.0781671,0.0743706524372101,0.333522617816925,-0.813190400600433
13.097723766,0.0255028735846281,0.160041987895966,-1.04409062862396
13.117281318,-0.0954448878765106,-0.0916270911693573,-1.1784770488739
13.136839548,-0.26648211479187,-0.251669079065323,-1.15770828723907
13.156397048,-0.430189192295074,-0.196692824363709,-1.0196567773819
13.175953662,-0.513264417648315,-0.0696365907788277,-0.772874474525452
13.195511214,-0.464396625757217,-0.0464243926107883,-0.532200694084168
13.215069443,-0.308019727468491,-0.0757450610399246,-0.427134931087494
13.234626943,-0.140647575259209,-0.0928487852215767,-0.436908513307571
13.254183558,-0.0416903272271156,-0.118504367768765,-0.513875246047974
13.27374111,-0.0245866030454636,-0.173480615019798,-0.588398635387421
13.293299391,-0.0551289655268192,-0.172258928418159,-0.601837277412415
13.312856787,-0.0649025216698647,-0.113617591559887,-0.578625082969666
13.332413506,-0.0245866030454636,0.0329857505857945,-0.534644067287445
13.351971006,0.0548235401511192,0.168593838810921,-0.463785767555237
13.371529287,0.0572669319808483,0.195471122860909,-0.414918005466461
13.391086787,-0.110105216503143,0.114839285612106,-0.450347155332565
13.410643454,-0.332453608512878,0.0122169451788068,-0.458898991346359
13.430200954,-0.282364159822464,-0.141716569662094,-0.399035960435867
13.449759235,0.0193943995982409,-0.364064961671829,-0.330621093511581
13.469316735,0.219752296805382,-0.392163932323456,-0.248767539858818
13.48887335,0.250294655561447,-0.320083975791931,-0.22433365881443
13.508430902,0.212422132492065,-0.21379654109478,-0.304965496063232
13.527989183,0.136677071452141,-0.112395897507668,-0.401479363441467
13.547546683,0.0120642334222794,-0.0293206684291363,-0.339172929525375
13.567103298,-0.0514638833701611,-0.0134386401623487,-0.20234315097332
13.58666085,0.0597103200852871,-0.0366508364677429,-0.148588597774506
13.606219131,0.339478373527527,-0.0708582848310471,-0.214560106396675
13.625776631,0.679109454154968,-0.101400643587112,-0.361163437366486
13.645333298,0.896571040153503,-0.0757450610399246,-0.462564080953598
13.66489085,0.866028726100922,0.0610847249627113,-0.440573573112488
13.684449131,0.609472870826721,0.249225676059723,-0.303743809461594
13.704006631,0.255181431770325,0.327414125204086,-0.0777303129434586
13.723563246,-0.0673459097743034,0.285876512527466,0.164165198802948
13.743120798,-0.249378398060799,0.227235183119774,0.326650559902191
13.762679079,-0.239604830741882,0.156376898288727,0.379183441400528
13.782236579,-0.129652336239815,0.0806318372488022,0.304660081863403
13.801793246,-0.072232685983181,-0.0146603342145681,0.155613332986832
13.821350798,-0.127208948135376,-0.153933510184288,0.00290152453817427
13.840909079,-0.249378398060799,-0.197914510965347,-0.0740652307868004
13.860466579,-0.332453608512878,-0.179589092731476,-0.0435228683054447
13.880023246,-0.406976997852325,-0.144159957766533,0.0566560849547386
13.899580798,-0.507155954837799,-0.102622337639332,0.183712318539619
13.919139079,-0.587787747383118,-0.103844031691551,0.258235692977905
13.938696579,-0.642764031887054,-0.113617591559887,0.274117708206177
13.958253246,-0.667197942733765,-0.155155196785927,0.220363155007362
13.977810798,-0.642764031887054,-0.184475868940353,0.127514362335205
13.997369079,-0.509599328041077,-0.141716569662094,0.0419957488775253
14.016926579,-0.235939756035805,-0.0708582848310471,-0.0203106720000505
14.036483246,0.0975828468799591,0.00366508355364203,-0.0655133649706841
14.056040798,0.35413870215416,0.0965138673782349,-0.0911689549684525
14.075599131,0.475086450576782,0.169815540313721,-0.0850604772567749
14.095156631,0.489746779203415,0.219905018806458,-0.0655133649706841
14.114713298,0.446987479925156,0.23456534743309,-0.0203106720000505
14.13427085,0.389567852020264,0.272437870502472,0.0542126931250095
14.153829131,0.363912254571915,0.329857528209686,0.0749815031886101
14.173386631,0.367577344179153,0.34329617023468,0.0554343871772289
14.192943298,0.300384134054184,0.298093467950821,0.0603211671113968
14.21250085,0.087809294462204,0.289541602134705,0.118962503969669
14.232059183,-0.177298411726952,0.331079214811325,0.214254677295685
14.251616683,-0.275033980607986,0.248003989458084,0.298551589250565
14.27117335,-0.105218440294266,-0.00855186209082604,0.270452618598938
14.290730902,0.239299416542053,-0.250447362661362,0.115297421813011
14.310289183,0.549609839916229,-0.267551094293594,-0.0545181185007095
14.329846735,0.629019975662231,-0.0818535313010216,-0.127819791436195
14.349403402,0.444544106721878,0.0794101431965828,-0.0850604772567749
14.368960954,0.124460130929947,0.0354291424155235,0.0102316914126277
14.388519235,-0.16019469499588,-0.161263674497604,0.0615428611636162
14.408076735,-0.265260428190231,-0.349404633045197,0.0566560849547386
14.427633402,-0.195623829960823,-0.452026963233948,0.000458135444205254
14.447191006,-0.072232685983181,-0.401937484741211,-0.0936123430728912
14.466749287,0.00595576083287597,-0.287098199129105,-0.149810284376144
14.486306787,-0.0221432130783796,-0.133164703845978,-0.132706567645073
14.505863454,-0.176076725125313,0.083075225353241,-0.0508530326187611
14.525421058,-0.381321400403976,0.2541124522686,0.063986249268055
14.544979339,-0.475391864776611,0.307867020368576,0.131179451942444
14.564536839,-0.370326161384583,0.283433139324188,0.104302167892456
14.584093506,-0.156529605388641,0.23456534743309,-0.00198525353334844
14.60365111,0.0499367639422417,0.139273181557655,-0.0826170891523361
14.623209391,0.181879773736,0.0696365907788277,-0.113159455358982
14.642766891,0.261289924383163,0.0745233669877052,-0.185239434242249
14.662323558,0.355360388755798,0.0329857505857945,-0.32939937710762
14.681881162,0.424996972084045,-0.0904053971171379,-0.456455618143082
14.701439443,0.388346135616303,-0.146603345870972,-0.477224409580231
14.720996943,0.280837029218674,-0.0781884491443634,-0.407587826251984
14.74055361,0.186766549944878,0.0891837030649185,-0.253654330968857
14.760111214,0.13912045955658,0.306645333766937,-0.103385895490646
14.779669496,0.0963611528277397,0.388498842716217,-0.0410794764757156
14.799226996,0.145228937268257,0.130721315741539,-0.159583851695061
14.818783714,0.294275671243668,-0.0855186134576798,-0.383153945207596
14.838341266,0.288167208433151,0.00977355614304543,-0.405144453048706
14.857899548,0.0487150698900223,0.201579600572586,-0.170579090714455
14.8774571,-0.204175695776939,0.291984975337982,0.231358394026756
14.897013766,-0.111326910555363,0.21379654109478,0.468367129564285
14.916571318,0.370020717382431,0.00733016710728407,0.318098723888397
14.9361296,0.80616569519043,-0.0855186134576798,-0.0386360883712769
14.955687152,0.735307395458221,0.0513111688196659,-0.204786539077759
14.975243818,0.273506850004196,0.222348406910896,-0.130263179540634
14.994801371,-0.122322164475918,0.23456534743309,-0.0374143943190575
15.014359704,-0.213949248194695,0.185697570443153,-0.0679567605257034
15.033917204,-0.0771194696426392,0.0806318372488022,-0.174244180321693
15.053473871,0.103691324591637,-0.0525328628718853,-0.317182451486588
15.073031423,0.174549609422684,-0.114839285612106,-0.413696318864822
15.092589756,0.115908265113831,-0.00610847258940339,-0.363606840372086
15.112147256,0.0120642334222794,0.10750912129879,-0.227998733520508
15.131703923,-0.0844496339559555,0.0439810007810593,-0.0765086188912392
15.151261475,-0.13820418715477,-0.131943002343178,0.0285571087151766
15.170819808,-0.11865708231926,-0.257777541875839,0.0529909990727901
15.190377308,-0.0404686294496059,-0.307867020368576,0.0224486365914345
15.209933975,0.0303896516561508,-0.245560601353645,-0.0361927002668381
15.229491579,0.0193943995982409,-0.133164703845978,-0.0178672820329666
15.24904986,-0.0917797982692719,-0.0745233669877052,0.0835333615541458
15.268607412,-0.238383144140244,-0.0928487852215767,0.171495363116264
15.288164079,-0.293359398841858,-0.10628741979599,0.161721810698509
15.307721631,-0.184628590941429,-0.0525328628718853,0.0310004986822605
15.327279964,0.0963611528277397,-0.0268772803246975,-0.149810284376144
15.346837464,0.339478373527527,-0.0329857505857945,-0.22311195731163
15.366394131,0.315044462680817,0.0354291424155235,-0.146145209670067
15.385951683,0.0829225182533264,0.204022988677025,0.0517693050205708
15.405510016,-0.0930014923214912,0.276102960109711,0.169051975011826
15.425067516,-0.0416903272271156,0.0842969194054604,0.0456608310341835
15.444624183,0.172106221318245,-0.123391143977642,-0.196234688162804
15.464181787,0.236856028437614,-0.0232121963053942,-0.262206196784973
15.483740068,-0.0612374395132065,0.366508364677429,0.0481042228639126
15.503297621,-0.432632565498352,0.544875741004944,0.479362398386002
15.522854287,-0.414307147264481,0.349404633045197,0.464702039957047
15.542411839,0.15988926589489,-0.27732464671135,0.0114533863961697
15.561970173,0.835486352443695,-0.673153698444367,-0.468672573566437
15.581527725,0.962542593479157,-0.438588321208954,-0.491884768009186
15.601084391,0.512959003448486,0.1270562261343,-0.102164201438427
15.620641943,-0.0697892978787422,0.432479858398438,0.282669574022293
15.640200277,-0.414307147264481,0.306645333766937,0.340089201927185
15.659757777,-0.441184431314468,-0.0598630309104919,0.153169944882393
15.679314443,-0.260373651981354,-0.437366634607315,-0.0227540601044893
15.698872048,-0.0294733811169863,-0.579083204269409,-0.0630699768662453
15.718430381,0.124460130929947,-0.515555083751679,0.00900999736040831
15.737987881,0.13912045955658,-0.401937484741211,0.0933069214224815
15.757544548,0.0230594836175442,-0.257777541875839,0.13728791475296
15.777102152,-0.103996746242046,-0.0952921733260155,0.0859767496585846
15.796660485,-0.113770298659801,0.0134386401623487,-0.100942507386208
15.816217985,-0.0710109919309616,0.133164703845978,-0.357498347759247
15.835774652,-0.149199441075325,0.230900257825851,-0.450347155332565
15.855332256,-0.303132951259613,0.186919257044792,-0.441795289516449
15.874890589,-0.403311908245087,0.0305423624813557,-0.454012215137482
15.894448089,-0.366661071777344,-0.111174203455448,-0.478446125984192
15.914004808,-0.172411635518074,-0.23334364593029,-0.50532341003418
15.93356236,0.0413849018514156,-0.351848006248474,-0.522427141666412
15.953120693,0.174549609422684,-0.394607335329056,-0.468672573566437
15.972678193,0.262511610984802,-0.218683317303658,-0.31229567527771
15.992234912,0.385902762413025,0.0794101431965828,-0.146145209670067
16.011792464,0.443322390317917,0.243117213249207,-0.0850604772567749
16.031350798,0.433548837900162,-0.00855186209082604,-0.130263179540634
16.05090835,0.400563091039658,-0.38361206650734,-0.210895016789436
16.070465016,0.252738058567047,-0.403159201145172,-0.237772300839424
16.090022621,-0.00503948982805014,-0.139273181557655,-0.199899762868881
16.109580954,-0.237161442637444,0.102622337639332,-0.138815045356751
16.129138454,-0.323901772499085,0.201579600572586,-0.120489619672298
16.148695121,-0.217614337801933,0.222348406910896,-0.146145209670067
16.168252725,0.0291679557412863,0.266329407691956,-0.164470627903938
16.187811058,0.284502118825913,0.354291409254074,-0.142480120062828
16.20736861,0.340700060129166,0.504559814929962,-0.0239757541567087
16.226925277,0.133011996746063,0.51188999414444,0.16050012409687
16.246482829,-0.166303172707558,0.283433139324188,0.269230931997299
16.266041162,-0.312906503677368,-0.0757450610399246,0.222806543111801
16.285598714,-0.255486875772476,-0.276102960109711,0.0957503095269203
16.305155381,-0.116213694214821,-0.2541124522686,0.0847550556063652
16.324712985,-0.0331384651362896,-0.109952509403229,0.193485870957375
16.344271318,-0.0502421855926514,-0.0549762547016144,0.311990231275558
16.363828818,-0.0954448878765106,-0.108730815351009,0.346197694540024
16.383385537,-0.0771194696426392,-0.10628741979599,0.296108216047287
16.402943089,-0.0477987974882126,-0.0842969194054604,0.242353647947311
16.422501423,-0.165081471204758,-0.133164703845978,0.252127200365067
16.442058975,-0.388651579618454,-0.250447362661362,0.254570603370667
16.461615641,-0.542585074901581,-0.294428378343582,0.292443126440048
16.481173246,-0.465618312358856,-0.197914510965347,0.434159696102142
16.500731579,-0.199288919568062,-0.120947755873203,0.613748788833618
16.520289131,0.034054733812809,-0.0879620015621185,0.669946730136871
16.539845798,0.115908265113831,-0.0158820282667875,0.548998951911926
16.559403402,0.0829225182533264,0.0378725305199623,0.404839009046555
16.578961735,0.0731489583849907,0.0745233669877052,0.286334663629532
16.598519235,0.11712995916605,0.134386390447617,0.191042482852936
16.618075954,0.120795048773289,0.221126705408096,0.16050012409687
16.637633558,0.0682621821761131,0.238230437040329,0.227693319320679
16.657191839,0.034054733812809,0.216239929199219,0.311990231275558
16.676749391,0.106134712696075,0.21379654109478,0.289999723434448
16.69630611,0.255181431770325,0.206466376781464,0.180047228932381
16.715863662,0.294275671243668,0.2565558552742,0.16050012409687
16.735421996,0.0975828468799591,0.44714018702507,0.315655320882797
16.754979548,-0.255486875772476,0.626729309558868,0.548998951911926
16.774536214,-0.378878027200699,0.42514967918396,0.627187430858612
16.794093818,0.0499367639422417,-0.118504367768765,0.404839009046555
16.813652152,0.69010466337204,-0.337187677621841,0.0126750804483891
16.833209704,0.894127666950226,-0.0989572554826737,-0.0655133649706841
16.852766371,0.473864763975143,0.21501824259758,0.193485870957375
16.872323975,-0.267703801393509,0.186919257044792,0.518456637859345
16.891882308,-0.867555797100067,-0.130721315741539,0.597866773605347
16.911439808,-1.07768726348877,-0.497229665517807,0.437824785709381
16.930996527,-0.940857470035553,-0.640167951583862,0.272896021604538
16.950554079,-0.630547106266022,-0.417819529771805,0.252127200365067
16.970112412,-0.223722815513611,-0.0671931952238083,0.311990231275558
16.989669964,0.151337414979935,0.10628741979599,0.336424142122269
17.009226683,0.350473612546921,0.0879620015621185,0.311990231275558
17.028784235,0.377350896596909,0.0378725305199623,0.210589587688446
17.048342568,0.3089359998703,0.0183254182338715,0.101858779788017
17.067900121,0.200205191969872,0.0195471122860909,0.0236703306436539
17.087456839,0.0658187940716744,0.0342074483633041,0.00534491334110498
17.107014391,-0.0771194696426392,0.0989572554826737,0.0175618585199118
17.126572725,-0.151642829179764,0.146603345870972,0.0334438867866993
17.146130277,-0.145534366369247,0.111174203455448,0.0273354146629572
17.165686943,-0.140647575259209,0.0855186134576798,-0.0337493121623993
17.185244548,-0.122322164475918,0.0586413368582726,-0.122933007776737
17.204802881,-0.0319167710840702,0.0280989743769169,-0.185239434242249
17.224360433,0.118351653218269,0.0268772803246975,-0.190126210451126
17.2439171,0.211200445890427,0.139273181557655,-0.0740652307868004
17.263474704,0.120795048773289,0.311532109975815,0.184934005141258
17.283033037,-0.0636808276176453,0.167372152209282,0.346197694540024
17.302590589,-0.116213694214821,-0.441031724214554,0.221584841609001
17.322147256,-0.187071979045868,-0.831973969936371,-0.0508530326187611
17.34170486,-0.502269148826599,-0.515555083751679,-0.180352658033371
17.361263193,-0.769820272922516,0.156376898288727,-0.115602843463421
17.380820693,-0.702627062797546,0.455692052841187,0.0725381150841713
17.400377412,-0.276255667209625,0.2541124522686,0.198372647166252
17.419935016,0.339478373527527,-0.173480615019798,0.111632339656353
17.43949335,0.817160904407501,-0.349404633045197,-0.0813953951001167
17.45905085,0.929556787014008,-0.14904673397541,-0.166914016008377
17.478607568,0.648567080497742,0.273659586906433,-0.0923906490206718
17.498165121,0.163554355502129,0.525328636169434,0.126292675733566
17.517723454,-0.232274666428566,0.422706305980682,0.320542097091675
17.537281006,-0.325123459100723,0.0733016729354858,0.366966485977173
17.556837673,-0.116213694214821,-0.208909764885902,0.236245170235634
17.576395277,0.153780803084373,-0.222348406910896,0.0334438867866993
17.59595361,0.284502118825913,-0.0842969194054604,-0.0875038728117943
17.615511162,0.241742804646492,0.0390942245721817,-0.0997208133339882
17.635067829,0.114686571061611,0.083075225353241,-0.0740652307868004
17.654625433,-0.0306950751692057,0.0794101431965828,-0.0532964244484901
17.674183766,-0.11865708231926,0.0427593067288399,-0.0618482865393162
17.693741318,-0.112548604607582,-0.00366508355364203,-0.108272679150105
17.713297985,-0.0600157417356968,-0.0171037241816521,-0.173022478818893
17.732855589,-0.0514638833701611,0.0207688063383102,-0.219446882605553
17.752413923,-0.0673459097743034,0.0794101431965828,-0.215781792998314
17.771971423,-0.111326910555363,0.125834539532661,-0.119267925620079
17.791528141,-0.173633337020874,0.153933510184288,-0.00931542087346315
17.811085693,-0.200510606169701,0.0818535313010216,0.0285571087151766
17.830644027,-0.202954009175301,-0.0134386401623487,-0.00442864280194044
17.850201579,-0.212727561593056,-0.0232121963053942,-0.0642916709184647
17.869758246,-0.22494450211525,0.0965138673782349,-0.0923906490206718
17.88931585,-0.207840785384178,0.217461630702019,-0.0410794764757156
17.908874183,-0.147977754473686,0.164928764104843,0.0102316914126277
17.928431683,-0.057572353631258,-0.0232121963053942,-0.0545181185007095
17.947988402,-0.105218440294266,-0.130721315741539,-0.1608055382967
17.967545954,-0.516929507255554,0.0439810007810593,-0.0178672820329666
17.987104287,-0.957961201667786,0.237008735537529,0.369409888982773
18.006661839,-0.738056182861328,-0.138051480054855,0.585649788379669
18.026218506,0.170884519815445,-0.692700803279877,0.31076854467392
18.04577611,1.03950929641724,-0.626729309558868,-0.152253672480583
18.065334443,1.18366932868958,-0.0232121963053942,-0.278088212013245
18.084891943,0.620468080043793,0.547319173812866,-0.0655133649706841
18.104448662,-0.0978882759809494,0.530215442180634,0.171495363116264
18.124006214,-0.559688806533814,0.0403159186244011,0.208146199584007
18.143564548,-0.623216927051544,-0.454470366239548,-0.0203106720000505
18.1631221,-0.387429863214493,-0.626729309558868,-0.342838019132614
18.182678766,-0.107661828398705,-0.51188999414444,-0.50043660402298
18.202236371,0.0267245676368475,-0.161263674497604,-0.43568679690361
18.221794652,0.00595576083287597,0.144159957766533,-0.163248926401138
18.241352204,-0.049020491540432,0.21379654109478,0.134844526648521
18.260908871,-0.0477987974882126,0.178367406129837,0.24479703605175
18.280466475,-0.0453554093837738,0.246782287955284,0.237466871738434
18.300024808,-0.0539072714745998,0.372616827487946,0.176382139325142
18.319582308,-0.0245866030454636,0.386055469512939,0.0847550556063652
18.339139027,0.0621537081897259,0.222348406910896,-0.0105371149256825
18.358696579,0.115908265113831,0.0134386401623487,-0.0850604772567749
18.378254912,0.113464877009392,-0.0965138673782349,-0.115602843463421
18.397812464,0.146450623869896,-0.118504367768765,-0.151031985878944
18.417369131,0.24785128235817,-0.150268420577049,-0.213338404893875
18.436926683,0.346808522939682,-0.189362645149231,-0.231663823127747
18.456485016,0.390789538621902,-0.158820286393166,-0.1620272397995
18.476042568,0.388346135616303,-0.0219905003905296,0.00412321882322431
18.495599235,0.273506850004196,0.173480615019798,0.200816035270691
18.515156839,0.147672325372696,0.0268772803246975,0.177603840827942
18.534715121,0.156224191188812,-0.377503603696823,-0.213338404893875
18.554272546,0.0401632077991962,-0.394607335329056,-0.628714561462402
18.573829212,-0.315349906682968,0.116060979664326,-0.623827755451202
18.593386816,-0.54136335849762,0.505781531333923,-0.0520747303962708
18.61294515,-0.234718054533005,0.313975483179092,0.489135950803757
18.63250265,0.523954212665558,-0.273659586906433,0.424386143684387
18.652059316,1.01629710197449,-0.503338158130646,-0.030084228143096
18.671616921,0.80127888917923,-0.139273181557655,-0.248767539858818
18.691175254,0.218530610203743,0.183254182338715,-0.11682453751564
18.710732754,-0.251821786165237,0.0598630309104919,0.100637085735798
18.730289421,-0.334897011518478,-0.237008735537529,0.111632339656353
18.749847025,-0.124765552580357,-0.357956498861313,-0.0166455879807472
18.769405358,0.113464877009392,-0.151490122079849,-0.110716067254543
18.788962858,0.26495498418808,0.0842969194054604,-0.0801737010478973
18.808519525,0.273506850004196,0.125834539532661,0.0627645552158356
18.828077129,0.11712995916605,0.0855186134576798,0.209367901086807
18.847635462,-0.0477987974882126,0.0708582848310471,0.180047228932381
18.867192962,-0.0673459097743034,0.00610847258940339,0.0175618585199118
18.886749681,-0.0636808276176453,-0.0598630309104919,-0.0606265887618065
18.906307233,-0.114992000162601,-0.100178949534893,-0.0129805039614439
18.925865566,-0.221279412508011,-0.083075225353241,0.123849280178547
18.945423066,-0.373991221189499,-0.0232121963053942,0.280226171016693
18.964979785,-0.463174939155579,0.102622337639332,0.351084470748901
18.984537337,-0.377656310796738,0.21257483959198,0.337645828723907
19.004095671,-0.116213694214821,0.186919257044792,0.281447887420654
19.023653171,0.1806580722332,0.0965138673782349,0.228915005922318
19.043209837,0.305270910263062,0.101400643587112,0.261900752782822
19.062767441,0.252738058567047,0.210131451487541,0.294886499643326
19.082325775,0.157445877790451,0.329857528209686,0.235023483633995
19.101883275,0.147672325372696,0.313975483179092,0.0627645552158356
19.121439941,0.11712995916605,0.197914510965347,-0.0447445623576641
19.140997546,-0.136982500553131,0.112395897507668,0.0468825288116932
19.160555827,-0.631768763065338,0.409267663955689,0.286334663629532
19.180113379,-0.922532081604004,0.919936001300812,0.506239652633667
19.199670046,-0.534033238887787,0.494786292314529,0.402395635843277
19.219227598,0.316266179084778,-0.409267663955689,-0.192569598555565
19.238785931,0.808609068393707,-0.755007207393646,-0.722784996032715
19.258343431,0.625354886054993,-0.478904247283936,-0.719119906425476
19.27790015,0.064597100019455,-0.0390942245721817,-0.301300406455994
19.297457702,-0.469283401966095,0.0488677807152271,0.228915005922318
19.317016035,-0.772263646125794,-0.206466376781464,0.423164427280426
19.336573535,-0.749051451683044,-0.612068951129913,0.222806543111801
19.356130202,-0.427745789289475,-0.866181433200836,-0.111937761306763
19.375687754,-0.072232685983181,-0.714691281318665,-0.231663823127747
19.395246087,0.168441131711006,-0.226013481616974,-0.171800792217255
19.414803639,0.317487865686417,0.232121959328651,-0.0838387832045555
19.434360306,0.365133941173553,0.46668729186058,-0.0313059203326702
19.453917858,0.255181431770325,0.477682560682297,0.0163401644676924
19.473476191,0.0609320141375065,0.387277156114578,0.0200052484869957
19.493033691,-0.116213694214821,0.333522617816925,-0.00931542087346315
19.512590358,-0.233496367931366,0.332300901412964,-0.0374143943190575
19.53214791,-0.261595338582993,0.251669079065323,-0.0569615066051483
19.551706244,-0.204175695776939,0.120947755873203,-0.0948340371251106
19.571263744,-0.0820062458515167,0.0561979487538338,-0.168135702610016
19.59082041,0.0914743766188622,0.102622337639332,-0.20356485247612
19.610378014,0.313822776079178,0.216239929199219,-0.179130956530571
19.629936296,0.500742018222809,0.304201930761337,-0.09605573117733
19.649493796,0.504407107830048,0.221126705408096,0.0334438867866993
19.669050462,0.26495498418808,0.105065725743771,0.143396392464638
19.688608066,-0.0392469353973866,0.0146603342145681,0.15927842259407
19.708166348,-0.154086217284203,-0.222348406910896,0.0798682793974876
19.727723848,-0.0294733811169863,-0.535102188587189,-0.171800792217255
19.747280514,0.104913018643856,-0.582748293876648,-0.419804781675339
19.766838119,0.0120642334222794,-0.163707062602043,-0.345281422138214
19.7863964,-0.22494450211525,0.409267663955689,0.118962503969669
19.805953952,-0.235939756035805,0.544875741004944,0.481805771589279
19.825510566,0.219752296805382,-0.0109952501952648,0.341310918331146
19.845068171,0.726755499839783,-0.496007978916168,-0.0630699768662453
19.864626452,0.735307395458221,-0.381168693304062,-0.230442121624947
19.884183952,0.282058715820313,0.00244338903576136,-0.0850604772567749
19.903740619,-0.257930248975754,0.0757450610399246,0.200816035270691
19.923298223,-0.530368149280548,-0.133164703845978,0.26800924539566
19.942856504,-0.433854252099991,-0.403159201145172,0.0835333615541458
19.962414004,-0.13942588865757,-0.488677799701691,-0.154697075486183
19.981970671,0.136677071452141,-0.338409394025803,-0.249989241361618
20.001528223,0.344365149736404,-0.102622337639332,-0.214560106396675
20.021086556,0.497076958417892,0.0684148967266083,-0.0911689549684525
20.040644056,0.545944750308991,0.140494868159294,0.0444391369819641
20.060200723,0.464091211557388,0.161263674497604,0.115297421813011
20.079758275,0.283280402421951,0.173480615019798,0.127514362335205
20.099316556,0.0926960706710815,0.175924003124237,0.125070974230766
20.118874108,-0.0465771034359932,0.164928764104843,0.121405892074108
20.138430775,-0.122322164475918,0.177145704627037,0.0957503095269203
20.157988327,-0.173633337020874,0.243117213249207,0.0835333615541458
20.177546608,-0.284807533025742,0.47157409787178,0.126292675733566
20.197104108,-0.408198684453964,0.646276414394379,0.191042482852936
20.216660775,-0.388651579618454,0.357956498861313,0.241131961345673
20.236218327,-0.220057725906372,-0.204022988677025,0.255792289972305
20.255776608,0.0218377895653248,-0.488677799701691,0.173938751220703
20.27533416,0.266176700592041,-0.367730051279068,0.0798682793974876
20.294890775,0.363912254571915,-0.0476460866630077,0.0884201377630234
20.314448379,0.39323291182518,0.322527348995209,0.0432174429297447
20.33400666,0.416445106267929,0.680483818054199,-0.192569598555565
20.35356416,0.444544106721878,0.651163160800934,-0.486997991800308
20.373120827,0.290610581636429,0.342074453830719,-0.504101693630219
20.392678379,-0.39231663942337,0.125834539532661,-0.176687568426132
20.41223666,-1.19619166851044,-0.119726061820984,0.125070974230766
20.43179416,-1.2291773557663,-0.477682560682297,0.0688730254769325
20.451350827,-0.466840028762817,-0.564422845840454,-0.243880763649941
20.470908379,0.334591597318649,-0.289541602134705,-0.336729556322098
20.490466712,0.636350154876709,0.0757450610399246,-0.174244180321693
20.510024212,0.488525092601776,0.227235183119774,0.0981936976313591
20.529580879,0.172106221318245,0.116060979664326,0.269230931997299
20.549138431,-0.102775052189827,-0.101400643587112,0.271674305200577
20.568696712,-0.277477353811264,-0.250447362661362,0.193485870957375
20.588254212,-0.325123459100723,-0.267551094293594,0.128736063838005
20.607810879,-0.249378398060799,-0.160041987895966,0.103080473840237
20.627368431,-0.122322164475918,-0.0354291424155235,0.0749815031886101
20.646926712,-0.0245866030454636,0.00610847258940339,0.0554343871772289
20.666484212,0.0230594836175442,0.0244338903576136,0.0175618585199118
20.686040879,0.0768140405416489,0.249225676059723,-0.09605573117733
20.705598431,0.155002489686012,0.762337386608124,-0.221890270709991
20.725156764,0.0633754059672356,0.932152926921845,-0.287861764431
20.744714264,-0.215170949697495,0.359178185462952,-0.372158706188202
20.764270879,-0.406976997852325,-0.300536841154099,-0.533422350883484
20.783828483,-0.465618312358856,-0.463022232055664,-0.604280650615692
20.803386764,-0.397203415632248,-0.271216183900833,-0.476002722978592
20.822944264,-0.149199441075325,-0.163707062602043,-0.242659077048302
20.842500931,0.158667579293251,-0.255334168672562,-0.0325276181101799
20.862058483,0.377350896596909,-0.346961230039597,0.0981936976313591
20.881616764,0.456761032342911,-0.282211422920227,0.162943512201309
20.901174316,0.407893270254135,-0.151490122079849,0.181268930435181
20.920730931,0.288167208433151,-0.0635281130671501,0.100637085735798
20.940288483,0.209978744387627,-0.0659715011715889,-0.144923508167267
20.959846816,0.176992997527123,0.0513111688196659,-0.345281422138214
20.979404316,0.0279462616890669,0.32130566239357,-0.297635316848755
20.998960983,-0.337340384721756,0.526550352573395,0.0285571087151766
21.018518535,-0.624438583850861,0.354291409254074,0.355971246957779
21.038076816,-0.543806791305542,0.0219905003905296,0.401173949241638
21.057634369,-0.253043472766876,-0.0354291424155235,0.298551589250565
21.077190983,-0.00626118434593082,0.0757450610399246,0.248462125658989
21.096748587,0.125681817531586,0.21379654109478,0.180047228932381
21.116306869,0.156224191188812,0.257777541875839,0.0615428611636162
21.135864369,0.168441131711006,0.141716569662094,-0.0716218426823616
21.155421035,0.284502118825913,-0.0781884491443634,-0.198678076267242
21.174978587,0.426218688488007,-0.216239929199219,-0.231663823127747
21.194536921,0.459204435348511,-0.243117213249207,-0.175465881824493
21.214094421,0.379794269800186,-0.262664318084717,-0.104607589542866
21.233651087,0.223417386412621,-0.230900257825851,-0.0459662564098835
21.253208639,0.0829225182533264,-0.169815540313721,-0.000763559073675424
21.272766921,-0.00748287886381149,-0.144159957766533,0.0481042228639126
21.292324421,-0.0758977755904198,-0.166150450706482,0.0749815031886101
21.311881087,-0.152864530682564,-0.269994497299194,0.0652079433202744
21.331438691,-0.26648211479187,-0.337187677621841,0.0297788046300411
21.350996973,-0.371547847986221,-0.239452123641968,0.0163401644676924
21.370554473,-0.405755281448364,-0.216239929199219,0.0261137206107378
21.390111139,-0.382543087005615,-0.386055469512939,0.0713164210319519
21.409668744,-0.349557340145111,-0.492342889308929,0.379183441400528
21.429227025,-0.174855023622513,-0.438588321208954,0.733474850654602
21.448784525,0.0914743766188622,-0.210131451487541,0.676055192947388
21.468341191,0.225860774517059,0.0342074483633041,0.264344155788422
21.487898744,0.124460130929947,0.280989736318588,-0.0459662564098835
21.507457077,-0.0294733811169863,0.44714018702507,-0.125376403331757
21.527014577,-0.149199441075325,0.500894725322723,-0.0349710062146187
21.546571244,-0.376434624195099,0.548540830612183,0.147061482071877
21.566128796,-0.571905732154846,0.345739543437958,0.351084470748901
21.585687129,-0.470505088567734,-0.0989572554826737,0.385291904211044
21.605244629,-0.182185187935829,-0.453248679637909,0.216698065400124
21.624801296,0.133011996746063,-0.400715798139572,0.0102316914126277
21.644358848,0.355360388755798,-0.0623064190149307,-0.00931542087346315
21.663917181,0.400563091039658,0.328635811805725,0.0884201377630234
21.683474681,0.244186192750931,0.553427636623383,0.215476363897324
21.703031348,0.0352764278650284,0.481347650289536,0.263122469186783
21.722588952,0.00839914940297604,0.129499614238739,0.104302167892456
21.742147233,0.20142687857151,-0.205244675278664,-0.175465881824493
21.761704733,0.423775285482407,-0.222348406910896,-0.263427883386612
21.7812614,0.542279660701752,0.0268772803246975,-0.149810284376144
21.800819004,0.476308137178421,0.257777541875839,0.0847550556063652
21.820377285,0.278393626213074,0.243117213249207,0.243575349450111
21.839934837,0.0914743766188622,0.117282673716545,0.20325942337513
21.859491504,-0.0368035472929478,0.141716569662094,0.0981936976313591
21.879049056,-0.0868930220603943,0.243117213249207,0.0395523607730866
21.898607389,-0.110105216503143,0.294428378343582,0.000458135444205254
21.918164889,-0.113770298659801,0.271216183900833,-0.0435228683054447
21.937721556,-0.0184781290590763,0.190584346652031,-0.113159455358982
21.957279108,0.185544848442078,0.0879620015621185,-0.235328912734985
21.976837441,0.362690567970276,0.0464243926107883,-0.367271900177002
21.996394941,0.423775285482407,0.0794101431965828,-0.434465110301971
22.015951608,0.39323291182518,0.0794101431965828,-0.397814273834229
22.035509212,0.273506850004196,0.0916270911693573,-0.241437375545502
22.055067494,0.126903519034386,0.0476460866630077,-0.0838387832045555
22.074625046,-0.0160347409546375,-0.152711808681488,-0.0215323660522699
22.094181712,-0.173633337020874,-0.258999228477478,-0.00442864280194044
22.113739264,-0.233496367931366,-0.345739543437958,-0.0740652307868004
22.133297598,-0.163859784603119,-0.367730051279068,-0.262206196784973
22.152855098,-0.145534366369247,-0.199136212468147,-0.412474602460861
22.172411764,-0.267703801393509,0.0293206684291363,-0.429578334093094
22.191969316,-0.413085460662842,0.190584346652031,-0.270758032798767
22.21152765,-0.361774295568466,0.184475868940353,-0.153475373983383
22.231085202,0.0193943995982409,-0.0745233669877052,-0.285418391227722
22.250641869,0.48241662979126,-0.30175855755806,-0.497993230819702
22.270199421,0.58870404958725,-0.216239929199219,-0.504101693630219
22.289757754,0.28938889503479,0.0207688063383102,-0.31229567527771
22.309315254,-0.116213694214821,0.130721315741539,-0.0765086188912392
22.328871921,-0.328788548707962,0.0329857505857945,-0.0068720318377018
22.348429473,-0.319014966487885,-0.0855186134576798,-0.0899472609162331
22.367987806,-0.177298411726952,-0.0842969194054604,-0.192569598555565
22.387545358,-0.0160347409546375,0.00366508355364203,-0.168135702610016
22.407102025,0.0951394587755203,0.135608091950417,-0.0850604772567749
22.426659577,0.170884519815445,0.166150450706482,-0.066735066473484
22.44621791,0.178214684128761,0.140494868159294,-0.11804623156786
22.46577541,0.101247936487198,0.140494868159294,-0.157140463590622
22.485332077,0.00351237179711461,0.174702316522598,-0.153475373983383
22.504889681,-0.0319167710840702,0.158820286393166,-0.11682453751564
22.524447962,-0.0746760740876198,0.119726061820984,-0.0850604772567749
22.544005462,-0.163859784603119,0.0879620015621185,-0.0740652307868004
22.563562181,-0.207840785384178,0.0696365907788277,-0.0740652307868004
22.583119733,-0.205397397279739,0.117282673716545,-0.0545181185007095
22.602678066,-0.173633337020874,0.190584346652031,-0.0557398125529289
22.622235566,-0.0600157417356968,0.200357899069786,-0.103385895490646
22.641792233,0.181879773736,0.112395897507668,-0.113159455358982
22.661349837,0.439657300710678,0.172258928418159,0.00167983002029359
22.680908119,0.489746779203415,0.386055469512939,0.0957503095269203
22.700465671,0.357803791761398,0.338409394025803,0.112854033708572
22.720022337,0.173327907919884,0.0354291424155235,-0.0264191441237927
22.739579889,0.0523801520466805,-0.17103722691536,-0.214560106396675
22.759138223,0.109799794852734,-0.0720799788832665,-0.243880763649941
22.778695723,0.263733297586441,0.324970752000809,-0.177909269928932
22.798252441,0.300384134054184,0.641389608383179,-0.18157434463501
22.817809994,0.108578100800514,0.492342889308929,-0.24510246515274
22.837368327,-0.155307918787003,-0.0329857505857945,-0.336729556322098
22.856925827,-0.217614337801933,-0.483791023492813,-0.428356647491455
22.876482494,-0.135760799050331,-0.40804597735405,-0.395370900630951
22.896040098,-0.0563506595790386,-0.0439810007810593,-0.11682453751564
22.915598431,-0.0355818532407284,0.180810794234276,0.109188944101334
22.935155931,-0.00748287886381149,0.207688063383102,0.0933069214224815
22.954712598,0.0768140405416489,0.0366508364677429,0.0285571087151766
22.974270202,0.141563847661018,-0.144159957766533,-0.0569615066051483
22.993828535,0.103691324591637,-0.157598599791527,-0.0594048947095871
23.013386035,0.0316113457083702,-0.0305423624813557,0.0774248912930489
23.032942702,0.0218377895653248,0.076966755092144,0.230136707425118
23.052500306,0.0731489583849907,0.0977355614304543,0.261900752782822
23.072058639,0.0939177647233009,0.045202698558569,0.155613332986832
23.091616139,0.0291679557412863,-0.0354291424155235,-0.0154238929972053
23.111172806,-0.025808297097683,-0.10750912129879,-0.152253672480583
23.13073041,-0.0294733811169863,-0.145381644368172,-0.213338404893875
23.150288744,-0.0514638833701611,-0.112395897507668,-0.213338404893875
23.169846244,-0.113770298659801,-0.0720799788832665,-0.201121464371681
23.189402962,-0.177298411726952,-0.0598630309104919,-0.179130956530571
23.208960514,-0.147977754473686,0.0598630309104919,-0.127819791436195
23.228518848,-0.0184781290590763,0.228456869721413,-0.0862821787595749
23.2480764,0.0499367639422417,0.304201930761337,-0.111937761306763
23.267633066,-0.0196998249739409,0.290763288736343,-0.141258433461189
23.287190671,-0.110105216503143,0.0647498071193695,-0.125376403331757
23.306748952,-0.193180441856384,-0.287098199129105,-0.133928254246712
23.326306504,-0.26892551779747,-0.533880531787872,-0.210895016789436
23.345863223,-0.272590577602387,-0.533880531787872,-0.323290914297104
23.365420775,-0.176076725125313,-0.42514967918396,-0.340394645929337
23.384979108,-0.107661828398705,-0.387277156114578,-0.293970257043839
23.40453666,-0.13820418715477,-0.376281917095184,-0.300078719854355
23.424093327,-0.132095724344254,-0.36039987206459,-0.319625824689865
23.443650931,0.034054733812809,-0.36039987206459,-0.276866525411606
23.463209264,0.24662958085537,-0.315197199583054,-0.219446882605553
23.482766764,0.423775285482407,-0.210131451487541,-0.234107211232185
23.502323483,0.539836287498474,-0.0977355614304543,-0.226777046918869
23.521881035,0.610694527626038,-0.0635281130671501,-0.151031985878944
23.541439369,0.578930497169495,0.0745233669877052,-0.0423011742532253
