Time (s),Acceleration x (m/s^2),Acceleration y (m/s^2),Acceleration z (m/s^2)
0.023351683,0.255433827638626,1.01754784584045,9.68554782867432
0.042908454,0.176470667123795,0.919442117214203,9.57547760009766
0.06246611,0.0257228426635265,0.967298567295075,9.52283573150635
0.082024496,-0.0077766734175384,1.00558376312256,9.72622585296631
0.1015821,0.0281156655400991,0.902692317962647,10.0444707870483
0.121138871,0.0400797799229622,0.713659346103668,10.0755777359009
0.140696527,0.0496510714292526,0.675374209880829,10.0707921981812
0.160254912,-0.0245264321565628,0.701695263385773,9.97507953643799
0.179812516,-0.120239339768887,0.82372921705246,9.87218761444092
0.199369287,-0.534197628498077,1.24725878238678,9.69511890411377
0.218926943,-0.22552353143692,1.11086785793304,9.80518913269043
0.238485329,0.0687936544418335,0.869192838668823,9.90090179443359
0.258042933,0.28175488114357,0.620339274406433,9.9679012298584
0.277599652,0.286540508270264,0.570089995861054,9.99182891845703
0.297157308,0.152542442083359,0.696909606456757,9.90808010101318
0.316715693,0.0783649384975433,0.766301453113556,9.87218761444092
0.336273298,0.10229317098856,0.706480860710144,10.0037937164307
0.355830068,0.10229317098856,0.665802896022797,10.0372924804688
0.375387725,0.123828575015068,0.754337310791016,10.0181503295898
0.39494611,0.0879362300038338,0.842871785163879,9.82911682128906
0.414503714,0.0664008259773254,0.859621524810791,9.76451110839844
0.434060485,-0.0077766734175384,0.933799028396606,9.87697410583496
0.453618141,-0.156131684780121,1.01036942005157,9.91286563873291
0.473176527,-0.342771857976913,0.957727253437042,9.83629608154297
0.492734131,-0.409770876169205,0.818943560123444,9.89850902557373
0.512290902,-0.311665147542954,0.78065836429596,10.1904335021973
0.531848506,-0.199202477931976,0.845264613628388,10.2909317016602
0.551406943,-0.247058942914009,0.981655478477478,10.0683994293213
0.570964548,-0.457627326250076,1.10368943214417,9.79322528839111
0.590521266,-0.469591438770294,1.14436745643616,9.84825992584229
0.610078923,-0.139381915330887,1.12043917179108,9.90329456329346
0.629637308,0.138185501098633,1.06540429592133,9.66401290893555
0.649194912,0.142971158027649,1.0319048166275,9.48215770721436
0.668751683,0.0137587301433086,0.952941596508026,9.60419178009033
0.688309339,-0.0125623187050223,0.737587571144104,9.91525840759277
0.707867725,0.140578329563141,0.562911510467529,10.1066846847534
0.727425329,0.193220421671867,0.57487565279007,10.0301141738892
0.7469821,0.131007045507431,0.790229678153992,9.77886772155762
0.766539756,0.0855434089899063,1.00079810619354,9.70468997955322
0.786098141,-0.0149551415815949,0.672981381416321,9.90090179443359
0.805655746,-0.0245264321565628,0.235094830393791,10.3268241882324
0.825212516,0.064008004963398,0.141774743795395,10.5182504653931
0.844770173,0.0568295381963253,0.460020154714584,10.3076820373535
0.864328558,0.11186445504427,1.14676022529602,9.62572765350342
0.883886162,0.293718993663788,1.65164577960968,8.86959552764893
0.903442933,0.542572557926178,1.77607262134552,8.42213726043701
0.923000589,0.69571316242218,1.58464682102203,8.4771728515625
0.942558975,0.652642369270325,1.09651100635529,8.95573711395264
0.962116579,0.561715126037598,0.603589534759522,9.75254726409912
0.98167335,0.595214605331421,0.471984267234802,10.4201440811157
1.001231006,0.662213683128357,0.469591438770294,10.9202442169189
1.020789391,0.46839502453804,0.50548380613327,11.1858472824097
1.040346996,0.190827608108521,0.668195724487305,11.1284198760986
1.059903766,0.0161515530198813,0.969691395759583,10.6953191757202
1.079461423,-0.0149551415815949,1.43389892578125,9.89611625671387
1.09901986,-0.0532403029501438,1.74018025398254,9.14237689971924
1.118577464,-0.0245264321565628,1.75214433670044,9.07777118682861
1.138134235,0.233898416161537,1.53439748287201,9.33619594573975
1.157691891,0.72681987285614,1.54157602787018,9.39123058319092
1.177250277,0.74596244096756,1.60139656066895,9.1112699508667
1.196807881,0.683749079704285,1.65882432460785,8.87677383422852
1.216364652,0.516251504421234,1.50329077243805,9.13041305541992
1.235922308,0.513858675956726,1.15393877029419,9.85783100128174
1.255480693,0.324825674295425,0.864407181739807,10.5565357208252
1.27503835,0.0544367134571075,0.921834945678711,11.0805635452271
1.294595068,0.186041966080666,1.18025982379913,11.0446710586548
1.314152725,0.379860579967499,1.40039944648743,10.5349998474121
1.333711162,0.420538574457169,1.46979129314423,10.3507528305054
1.353268766,0.26021945476532,1.51286208629608,10.4225368499756
1.372825537,0.2410768866539,1.45064878463745,10.4584293365479
1.392383193,0.308075904846191,1.35732865333557,10.3962163925171
1.411941579,0.406181633472443,1.3788640499115,10.3459672927856
1.431499183,0.456430912017822,1.47696971893311,10.2550392150879
1.451055954,0.322432845830917,1.67318117618561,10.0779705047607
1.470613662,0.312861561775208,1.67078840732574,10.0995063781738
1.490172048,0.387039065361023,1.47936260700226,10.1856479644775
1.509729652,0.46839502453804,1.30468654632568,10.3651094436646
1.529286423,0.420538574457169,1.17547416687012,10.5732851028442
1.548844079,0.248255342245102,1.11086785793304,10.578070640564
1.568402516,0.0448654256761074,1.19700956344605,10.4823579788208
1.587960121,0.0496510714292526,1.19700956344605,10.2622184753418
1.607516891,0.064008004963398,1.08215403556824,10.1880407333374
1.627074548,-0.101096756756306,0.661017239093781,10.5302143096924
1.646632933,-0.342771857976913,0.132203444838524,11.0016002655029
1.666190537,-0.352343142032623,-0.12143574655056,11.1547412872314
1.685747308,-0.407378047704697,0.0340977236628532,10.5900344848633
1.705305016,-0.503090977668762,0.54376894235611,9.54437160491943
1.724863402,-0.644267499446869,0.842871785163879,8.62313461303711
1.744421006,-0.591625392436981,0.885942578315735,8.24028301239014
1.763977777,-0.371485710144043,0.694516777992249,8.1756763458252
1.783535433,-0.25663024187088,0.570089995861054,8.20199775695801
1.803093871,-0.603589534759522,0.48394837975502,8.48195838928223
1.822651475,-1.12043917179108,0.570089995861054,9.27158927917481
1.842208246,-0.857228696346283,0.661017239093781,10.0348997116089
1.861765902,-0.223130717873573,0.708873689174652,10.2717895507813
1.881324339,-0.13698910176754,0.737587571144104,9.91047286987305
1.900881943,-0.572482824325562,1.0319048166275,9.71665477752686
1.920438714,-0.854835867881775,1.40279221534729,9.88415241241455
1.939996371,-0.747158885002136,1.63728892803192,9.69511890411377
1.959554756,-0.562911510467529,1.68993103504181,9.06102085113525
1.979112412,-0.357128769159317,1.81914341449738,8.52263641357422
1.998669183,-0.369092881679535,1.87178552150726,8.4436731338501
2.018226839,-0.369092881679535,1.76650130748749,8.79302501678467
2.037785225,-0.318843603134155,1.52721905708313,9.2524471282959
2.057342829,-0.371485710144043,1.33818602561951,9.49412250518799
2.0768996,-0.175274252891541,1.22093772888184,9.73579692840576
2.096457308,0.142971158027649,1.14676022529602,10.073184967041
2.116015693,0.415752947330475,1.45064878463745,10.3555383682251
2.135573298,-0.139381915330887,1.98185539245605,10.5086784362793
2.155130068,-1.37407839298248,2.16370987892151,10.9681005477905
2.174687777,-1.9794625043869,1.84785723686218,11.7744817733765
2.194246162,-1.69710946083069,1.26161575317383,12.6598262786865
2.213803766,-1.15154588222504,0.6801598072052,12.7603244781494
2.233360537,-0.790229678153992,0.445663213729858,12.1142625808716
2.252918193,-0.617946445941925,0.7926225066185,10.9896364212036
2.272476631,-0.591625392436981,1.50089800357819,10.3268241882324
2.292034235,-0.259023040533066,2.07278251647949,10.0851488113403
2.311591006,-0.0556331276893616,1.82392907142639,9.7070837020874
2.331148662,0.126221388578415,1.06779706478119,9.97268676757813
2.350707048,0.348753899335861,0.495912492275238,10.6378908157349
2.370264704,0.578464865684509,0.507876634597778,10.8867444992065
2.389821423,0.700498819351196,0.49351966381073,10.0372924804688
2.409379079,1.05702936649323,0.108275227248669,8.79541778564453
2.428937516,1.25802648067474,0.0699900612235069,8.4771728515625
2.448495121,0.413360118865967,0.620339274406433,8.87916660308838
2.468051891,-0.412163704633713,1.20418798923492,8.79302501678467
2.487609548,-0.471984267234802,1.27118706703186,8.41495895385742
2.507167933,0.104685992002487,1.1132607460022,8.40060234069824
2.526725589,0.513858675956726,1.00558376312256,8.56809997558594
2.546282308,0.561715126037598,1.06779706478119,8.58963489532471
2.565839964,0.621535658836365,1.1706885099411,8.3694953918457
2.585398402,0.858425140380859,1.17308127880096,8.28335380554199
2.604956006,1.14556384086609,1.21854496002197,8.70927619934082
2.624512777,0.937388241291046,1.45543432235718,9.11605644226074
2.644070433,0.712462961673737,1.57268273830414,9.19980525970459
2.663628818,0.743569612503052,1.47457695007324,9.26919651031494
2.683186423,0.765105068683624,1.39322102069855,9.53958606719971
2.702743193,0.628714144229889,1.50807642936707,9.66879844665527
2.72230085,0.518644332885742,1.54636168479919,9.67597675323486
2.741859287,0.729212701320648,1.61814630031586,9.673583984375
2.761416891,1.15274226665497,1.73300182819366,9.54437160491943
2.78097361,1.15752792358398,1.85025012493134,9.59701347351074
2.800531266,0.822532773017883,2.0608184337616,10.0995063781738
2.820089704,0.573679208755493,2.08713960647583,10.3842515945435
2.839647308,0.72681987285614,1.83589315414429,10.1904335021973
2.859204027,0.915852844715118,1.57746827602386,10.0109720230103
2.878761683,1.04267251491547,1.56789708137512,10.1306133270264
2.898320121,0.930209815502167,1.73060894012451,10.3483600616455
2.917877725,0.487537622451782,1.76650130748749,10.6737833023071
2.937434443,-0.0747757107019424,1.46500563621521,10.982458114624
2.9569921,-0.239880472421646,0.931406199932098,11.3030958175659
2.976550485,-0.330807715654373,0.428913444280624,11.6763763427734
2.996108089,-0.665802896022797,-0.212363004684448,12.164511680603
3.01566486,-0.744766056537628,-0.853639483451843,12.6071844100952
3.035222516,-0.450448870658875,-0.698105990886688,12.2817602157593
3.054780902,-0.297308206558228,0.120239339768887,10.6905336380005
3.074338506,-0.469591438770294,0.82372921705246,9.12084197998047
3.093895277,-0.787836849689484,1.10608232021332,8.3168535232544
3.113452933,-1.2113664150238,0.790229678153992,8.4771728515625
3.133011318,-1.36211431026459,0.247058942914009,9.453444480896
3.152568923,-1.20658087730408,-0.0735792964696884,10.334002494812
3.172125641,-0.73040908575058,-0.114257283508778,10.5637140274048
3.191683298,-0.333200544118881,0.0340977236628532,9.88893795013428
3.211241683,0.0185443758964539,0.433699101209641,8.87198829650879
3.230799287,0.410967290401459,0.787836849689484,8.07517814636231
3.250356058,0.607178747653961,1.06301140785217,7.68514823913574
3.269913662,0.449252456426621,1.00797653198242,7.85025310516357
3.2894721,0.195613250136375,0.725623488426209,8.29292488098145
3.309029652,-0.172881439328194,0.531804859638214,8.96530818939209
3.328586423,-0.349950313568115,0.527019202709198,9.27637481689453
3.348144079,-0.299701035022736,0.627517759799957,8.97248649597168
3.367702464,-0.366700083017349,0.835693299770355,8.6638126373291
3.387260016,-0.438484758138657,1.13240337371826,8.97727203369141
3.406816787,-0.498305320739746,1.54396879673004,9.41755199432373
3.426374443,-0.538983285427094,2.09192514419556,9.62812042236328
3.445932829,-0.627517759799957,2.93659162521362,10.2071828842163
3.465490381,-0.778265535831451,3.38165664672852,10.5876417160034
3.485047152,-0.82372921705246,2.93898439407349,11.0901346206665
3.504604756,-1.41236352920532,2.13978171348572,11.748161315918
3.524163141,-1.61096787452698,0.952941596508026,12.6574335098267
3.543720746,-0.172881439328194,-0.20039889216423,13.63609790802
3.563277464,1.74376952648163,-0.391824722290039,13.5212421417236
3.582835121,2.17208480834961,0.105882398784161,12.2386894226074
3.602393506,0.810568690299988,0.550947427749634,11.58544921875
3.62195111,-0.670588552951813,0.113060869276524,12.2889385223389
3.641507829,-0.785444021224976,-0.664606511592865,12.9661073684692
3.661065485,0.243469700217247,-1.04027962684631,12.2075824737549
3.680623871,1.42073845863342,-0.645463883876801,9.73101139068604
3.700181423,1.30827581882477,0.206380948424339,7.32861757278442
3.719738141,0.710070133209229,1.01276218891144,6.13699197769165
3.739295798,0.0592223592102528,1.14915311336517,6.33559608459473
3.758854183,0.0448654256761074,0.751944541931152,7.60857772827148
3.778411735,0.26979073882103,0.2757728099823,8.84566688537598
3.797968506,0.293718993663788,0.134596273303032,9.64965534210205
3.81752611,0.17168502509594,0.220737889409065,9.91765117645264
3.837084496,0.126221388578415,0.340379029512405,9.66401290893555
3.8566421,0.166899383068085,0.469591438770294,9.32183837890625
3.876198818,0.360718011856079,0.677767038345337,8.94855880737305
3.895756423,0.55932229757309,0.974476993083954,8.503493309021
3.915314808,0.585643351078033,1.31904351711273,8.20199775695801
3.93487236,0.485144793987274,1.53918313980103,8.07757091522217
3.954429131,0.365503668785095,1.67796683311462,8.24506855010986
3.973986735,0.475573509931564,1.87178552150726,8.48913669586182
3.993545121,0.698105990886688,2.2331018447876,8.52742195129395
4.013102673,0.73878401517868,2.41256332397461,8.51545715332031
4.032659391,0.592821836471558,2.26899409294128,8.82652473449707
4.052217048,0.430109858512878,1.85503578186035,9.69751167297363
4.071775381,0.537786900997162,1.66121709346771,10.716854095459
4.091332985,0.997208833694458,1.8526428937912,11.2360973358154
4.110889704,1.43030977249146,2.0775682926178,10.9322080612183
4.130447308,1.42552411556244,1.91964197158813,10.7886390686035
4.150005693,1.24845516681671,1.51046931743622,11.2097759246826
4.169563246,1.09531462192535,1.16590285301209,11.6093769073486
4.189119964,0.466002196073532,1.14676022529602,12.3248310089111
4.208677621,-0.189631193876266,1.26400852203369,13.3776731491089
4.228235954,-1.10847508907318,0.984048306941986,13.7150611877441
4.247793558,-1.79760801792145,0.321236431598663,13.1407833099365
4.267350277,-1.36929273605347,-0.403788834810257,12.0879421234131
4.286907881,-0.373878538608551,-0.45882374048233,10.838888168335
4.306466214,0.00418743956834078,-0.0376869551837444,9.5132646560669
4.326023818,-0.357128769159317,0.515055060386658,8.54656410217285
4.345580537,-1.08215403556824,0.797408163547516,8.42692279815674
4.365138141,-1.27836549282074,0.701695263385773,8.58963489532471
4.384696475,-0.943370342254639,0.452841699123383,8.57288551330566
4.404254079,-0.333200544118881,0.503090977668762,8.46042251586914
4.423810798,0.0975075215101242,0.809372246265411,8.02492904663086
4.443368402,0.0999003425240517,1.11086785793304,7.51525783538818
4.462926735,0.104685992002487,1.26640141010284,7.28793954849243
4.482484287,0.0807577669620514,1.31425786018372,7.42433023452759
4.502041006,0.0975075215101242,1.3668999671936,7.97467947006226
4.521598662,0.131007045507431,1.3788640499115,8.31924629211426
4.541156996,0.274576395750046,1.48414826393127,8.34796047210693
4.560714548,0.17168502509594,1.62771761417389,8.39820957183838
4.580271266,-0.306879490613937,1.84785723686218,8.89830875396729
4.599828871,-0.828514814376831,1.99621224403381,9.6065845489502
4.619387204,-1.08215403556824,2.09910368919373,10.3627166748047
4.638944756,-1.16111719608307,2.22592329978943,10.6905336380005
4.658501475,-0.74237322807312,2.62791752815247,10.5302143096924
4.678059079,-0.457627326250076,2.66380977630615,10.1449699401855
4.697617464,-0.400199592113495,2.91744899749756,10.2287187576294
4.717175016,-1.06540429592133,3.03230452537537,10.5015001296997
4.736731683,-1.94835579395294,2.43649172782898,10.8747806549072
4.756289339,-2.02731895446777,1.2807582616806,12.2721891403198
4.775847673,-0.718445003032684,0.440877586603165,13.9519510269165
4.795405225,0.884746193885803,0.421734988689423,14.1625194549561
4.814961943,1.41116714477539,0.7926225066185,12.3559379577637
4.834519496,0.896710276603699,0.950548768043518,10.5661067962646
4.854077881,0.470787853002548,0.287736922502518,10.7096757888794
4.873635433,1.13359975814819,-0.798604547977448,11.7720890045166
4.8931921,1.94715940952301,-1.47338056564331,11.8606233596802
4.912749704,2.31326127052307,-1.47098767757416,10.7814607620239
4.932308037,2.13619232177734,-0.800997376441956,9.37687397003174
4.951865589,1.66959202289581,-0.20039889216423,8.53460025787354
4.971422308,1.16949212551117,-0.0185443758964539,8.29053211212158
4.990979912,0.865603566169739,-0.011365907266736,8.61834907531738
5.010538246,0.762712240219116,0.0125623187050223,8.90548801422119
5.030095798,0.741176843643189,0.110668048262596,8.90548801422119
5.049652516,0.54017972946167,0.254237413406372,8.78106117248535
5.069210068,0.449252456426621,0.455234497785568,8.68534755706787
5.088768454,0.561715126037598,0.826122045516968,8.34796047210693
5.108325954,0.72681987285614,1.30229377746582,7.81914615631104
5.127882673,0.698105990886688,1.80000078678131,7.40518808364868
5.147440277,0.535394072532654,2.28335094451904,7.37647390365601
5.16699861,0.396610349416733,2.49631214141846,7.60618495941162
5.186556162,0.284147679805756,2.53220462799072,8.04407119750977
5.206112829,0.214755833148956,2.52741885185242,8.64706325531006
5.225670433,0.142971158027649,2.57048964500427,9.36730289459229
5.245228766,-0.0317048989236355,2.58963227272034,9.75254726409912
5.264786318,-0.175274252891541,2.48434805870056,10.0037937164307
5.284343037,-0.0891326442360878,2.31206488609314,10.2095756530762
5.303900589,0.193220421671867,2.5106692314148,10.211968421936
5.323458923,0.396610349416733,3.17587375640869,9.97268676757813
5.343016475,0.611964404582977,3.56351113319397,9.6400842666626
5.362573193,0.793818891048431,3.24765849113464,9.88415241241455
5.382130746,0.918245673179627,2.15892434120178,10.5349998474121
5.401689079,1.04267251491547,1.13001048564911,11.4347009658813
5.421246631,0.664606511592865,0.783051192760468,12.0520496368408
5.44080335,0.0424726009368897,0.924227774143219,12.5353994369507
5.460360902,-0.830907642841339,0.909870803356171,13.0187501907349
5.479919235,-1.91246354579926,0.237487643957138,13.4183511734009
5.499476787,-1.83110749721527,-0.712462961673737,13.1982116699219
5.519033454,-0.610767960548401,-1.13359975814819,11.9324083328247
5.538591058,0.628714144229889,-0.867996394634247,9.98943614959717
5.558149391,0.372682124376297,-0.0879362300038338,8.24028301239014
5.577706943,-0.26620152592659,0.78065836429596,7.74257564544678
5.59726361,-0.787836849689484,1.01994061470032,8.07996368408203
5.616821214,-0.661017239093781,1.01276218891144,8.40538787841797
5.636379548,-0.290129750967026,1.09651100635529,8.44606590270996
5.655937048,0.0520438924431801,1.23050904273987,8.29531764984131
5.675493766,0.142971158027649,1.46500563621521,8.41256618499756
5.695051318,0.114257283508778,1.6444673538208,8.34078121185303
5.714609652,0.2410768866539,1.65403866767883,8.19481945037842
5.734167204,0.343968242406845,1.41475641727448,8.34796047210693
5.753723871,0.265005111694336,1.2113664150238,8.76670360565186
5.773281423,0.0544367134571075,1.35493576526642,9.2787675857544
5.792839756,-0.280558466911316,1.62053918838501,9.64486980438232
5.812397308,-0.670588552951813,1.82392907142639,9.5659065246582
5.831953975,-0.988833963871002,1.88374960422516,9.46301555633545
5.851511579,-0.974476993083954,1.73539459705353,9.73101139068604
5.87106986,-0.471984267234802,1.7425731420517,10.0516500473022
5.890627412,-0.0197407864034176,1.93639171123505,10.1760768890381
5.910184079,-0.0771685317158699,2.16849541664124,10.0588283538818
5.929741683,-0.644267499446869,2.08953237533569,10.3124675750732
5.949300016,-1.16590285301209,1.90049934387207,11.1858472824097
5.968857516,-1.23290181159973,1.71864485740662,12.06640625
5.988414183,-0.818943560123444,1.23529469966888,12.0735845565796
6.007971787,0.279362052679062,1.39322102069855,11.1308126449585
6.027530068,0.676570594310761,1.54636168479919,9.91047286987305
6.047087621,-0.101096756756306,1.45543432235718,10.1425771713257
6.066644287,-1.21615207195282,0.694516777992249,12.0424785614014
6.086201891,-1.02233350276947,-0.207577362656593,13.6265268325806
6.105760173,0.0879362300038338,-0.824925601482391,13.2484607696533
6.125317725,1.15513515472412,-0.7579265832901,10.8987092971802
6.144874391,1.48534464836121,-0.035294134169817,8.6973123550415
6.164431943,1.32502555847168,0.771087110042572,7.66122007369995
6.183990277,0.485144793987274,0.821336388587952,7.89093065261841
6.203547777,-0.00538385100662708,0.433699101209641,8.80020332336426
6.223104443,0.0185443758964539,-0.064008004963398,9.60179901123047
6.242662048,0.375074952840805,-0.367896467447281,10.0133647918701
6.262220329,0.741176843643189,-0.248255342245102,9.76211833953857
6.281777881,0.681356251239777,0.249451756477356,8.82413196563721
6.301334548,0.413360118865967,0.878764092922211,8.03450012207031
6.3208921,0.159720912575722,1.15154588222504,7.75932550430298
6.340450381,0.0735792964696884,1.23529469966888,7.83111047744751
6.360007933,0.205184549093246,1.26161575317383,8.01775074005127
6.3795646,0.482751965522766,1.3788640499115,8.12542724609375
6.399122152,0.616750061511993,1.60378932952881,8.21874713897705
6.418680485,0.492323249578476,1.92442762851715,8.36231708526611
6.438237985,0.0951147004961968,2.01535487174988,8.83370304107666
6.457794652,-0.0987039357423782,1.69471669197083,9.4725866317749
6.477352204,-0.029312077909708,1.2520444393158,10.3722877502441
6.496910537,0.339182615280151,0.984048306941986,11.6141624450684
6.516468037,0.867996394634247,1.35015022754669,12.1381912231445
6.536024704,0.786640465259552,1.66600275039673,11.1930265426636
6.555582256,0.178863495588303,1.73778748512268,10.2047901153564
6.575140589,-0.0508474819362164,1.65164577960968,10.2191476821899
6.594698089,0.853639483451843,1.40757787227631,11.1714906692505
6.614254756,1.6360924243927,1.40039944648743,11.829517364502
6.633812308,1.41356003284454,1.49371957778931,11.805588722229
6.653370589,-0.151346027851105,1.12761771678925,11.5519495010376
6.672928089,-2.48674082756043,0.232702001929283,12.5138645172119
6.692484756,-2.72123765945435,-0.934995472431183,14.3563375473022
6.71204236,-0.952941596508026,-1.5834504365921,14.3802661895752
6.731600641,0.597607433795929,-1.16709923744202,11.7792673110962
6.751158141,-0.017347963526845,-0.0209371987730265,8.70927619934082
6.770714808,-1.38364970684052,1.01036942005157,7.02233648300171
6.79027236,-2.54656147956848,1.01036942005157,7.42193746566773
6.809830641,-2.17088842391968,0.282951265573502,8.4293155670166
6.829388141,-0.857228696346283,-0.142971158027649,8.90070247650147
6.848944808,0.202791720628738,-0.303290277719498,8.50588607788086
6.86850236,0.403788834810257,0.0747757107019424,7.77607536315918
6.888060693,0.147756800055504,0.739980399608612,7.15154886245728
6.907618193,0.104685992002487,1.10847508907318,6.90748071670532
6.927174808,0.188434779644012,1.14915311336517,6.91705226898193
6.946732412,0.28175488114357,1.08215403556824,7.32861757278442
6.966290693,0.193220421671867,0.993619620800018,8.39103126525879
6.985848193,-0.132203444838524,1.08933246135712,9.63769149780273
7.005404808,-0.321236431598663,1.05583298206329,10.4895362854004
7.024962412,-0.436091929674149,1.0151549577713,10.4464654922485
7.044520693,-0.661017239093781,0.984048306941986,10.1665048599243
7.064078193,-0.897906720638275,1.05344021320343,10.6977119445801
7.083634808,-0.802193820476532,1.3094722032547,11.4514513015747
7.10319236,-0.538983285427094,1.65882432460785,11.6404838562012
7.122750693,-0.467198610305786,1.94835579395294,11.3485593795776
7.142308193,-0.665802896022797,2.10628223419189,11.0542421340942
7.161864808,-0.92901337146759,1.94596302509308,10.9585294723511
7.18142236,-1.38364970684052,1.12283205986023,11.1020984649658
7.200980641,-1.08693969249725,-0.126221388578415,12.1166553497314
7.220538141,1.0354939699173,-0.463609397411346,12.9996070861816
7.240094808,2.63629245758057,0.00538385100662708,12.3391885757446
7.25965236,1.56909346580505,0.471984267234802,11.0327072143555
7.279210641,0.0448654256761074,0.282951265573502,11.1451692581177
7.298768141,-0.31645080447197,-0.451645284891129,12.1525478363037
7.318324756,0.652642369270325,-0.652642369270325,12.2219400405884
7.337882308,1.48055899143219,-0.609571576118469,10.4799652099609
7.357440589,1.47098767757416,-0.243469700217247,8.46042251586914
7.376998089,0.999601662158966,0.129810631275177,7.6947193145752
7.396554756,0.906281590461731,0.103489577770233,8.00100040435791
7.416112308,0.999601662158966,-0.221934303641319,8.68295478820801
7.435670589,1.06660068035126,-0.367896467447281,9.05623531341553
7.455227985,0.920638501644135,-0.396610349416733,9.02991485595703
7.474784704,0.597607433795929,-0.16211374104023,8.66859817504883
7.494342256,0.54017972946167,0.402592420578003,8.12064170837402
7.513900537,0.638285458087921,1.01754784584045,7.53679323196411
7.533458037,0.633499801158905,1.53918313980103,6.94337320327759
7.553014652,0.466002196073532,2.02492618560791,6.46480846405029
7.572572204,0.212363004684448,2.37667107582092,6.16331291198731
7.592130485,0.0999003425240517,2.4819552898407,6.3475604057312
7.611687985,0.195613250136375,2.38624238967896,7.34776020050049
7.6312446,0.0855434089899063,2.12542462348938,8.76670360565186
7.650802152,-0.0508474819362164,1.7952151298523,10.0396852493286
7.670360433,0.114257283508778,1.575075507164,10.9704933166504
7.689917933,0.413360118865967,1.47696971893311,11.4993076324463
7.709474548,0.918245673179627,1.53200471401215,11.6476621627808
7.7290321,1.20059871673584,1.68993103504181,11.4586296081543
7.748590381,0.951745212078095,1.81435775756836,11.3389883041382
7.768147881,0.119042925536633,1.75214433670044,11.9395866394043
7.787704496,-0.0197407864034176,1.57746827602386,12.4875431060791
7.807262048,0.688534736633301,1.49611234664917,12.5856485366821
7.826820329,1.03070831298828,1.46979129314423,12.2793674468994
7.846377829,0.554536640644074,1.42193484306335,11.7912321090698
7.865934443,-0.527019202709198,1.06061863899231,11.3772735595703
7.885491996,-2.10867500305176,0.151346027851105,11.6883401870728
7.905050277,-2.35992121696472,-0.521037101745606,12.1094770431519
7.924607673,-1.00797653198242,-0.934995472431183,11.8965158462524
7.944164391,-0.00538385100662708,-1.35613226890564,10.6498556137085
7.963721891,-0.0077766734175384,-1.37766766548157,9.12323474884033
7.983280225,-0.172881439328194,-1.06660068035126,8.61117076873779
8.002837621,-0.0556331276893616,-1.07377910614014,8.89830875396729
8.022394287,0.20039889216423,-1.00438725948334,9.19023323059082
8.041951839,0.0616151839494705,-0.437288343906403,8.98923683166504
8.061510121,-0.21595224738121,0.347557485103607,8.61117076873779
8.081067621,-0.213559418916702,1.00558376312256,8.15892696380615
8.100624235,0.0759721174836159,1.44107747077942,7.59900665283203
8.120181787,0.327218502759933,1.76650130748749,7.29990386962891
8.139740068,0.159720912575722,1.8526428937912,7.20179796218872
8.159297464,-0.175274252891541,1.83828604221344,7.16590547561646
8.178854183,-0.354735970497131,1.63250327110291,7.70429086685181
8.198411683,-0.357128769159317,1.31425786018372,8.50110054016113
8.217969964,-0.328414916992188,1.07258272171021,9.08016395568848
8.237527464,-0.550947427749634,1.04626166820526,9.56829929351807
8.257084079,-1.12043917179108,1.3214362859726,10.3005037307739
8.276641631,-1.07018995285034,1.6564314365387,10.7790679931641
8.296199912,-0.428913444280624,1.94357013702393,10.334002494812
8.315757308,-0.058025948703289,2.30967211723328,9.69033336639404
8.335314027,-0.0412761904299259,2.68295240402222,10.0444707870483
8.354871527,-0.337986201047897,2.5106692314148,11.121241569519
8.374429808,-0.297308206558228,1.90289223194122,12.0951204299927
8.393987308,0.116650104522705,1.00558376312256,12.9373941421509
8.413543923,0.99481600522995,0.440877586603165,13.2484607696533
8.433101475,1.96869480609894,0.759122967720032,12.7387895584106
8.452659756,2.05005073547363,1.66839563846588,11.6739835739136
8.472217152,1.37288200855255,2.13260316848755,11.2408828735352
8.491773818,0.377467781305313,1.38364970684052,11.9108724594116
8.511331371,0.207577362656593,-0.193220421671867,12.7076826095581
8.530889652,0.784247636795044,-1.20299160480499,12.6358985900879
8.550447152,1.33459687232971,-1.19581305980682,11.1140632629395
8.570003766,1.4279168844223,-0.442073971033096,8.96770095825195
8.589561266,1.10967147350311,0.529412031173706,7.22572612762451
8.609119548,0.719641387462616,0.988833963871002,6.46480846405029
8.628677048,0.107078813016415,0.649053156375885,6.7016978263855
8.648233662,-0.25663024187088,0.237487643957138,7.41954469680786
8.667791214,-0.371485710144043,0.0532403029501438,8.40778064727783
8.687349443,-0.192024022340775,0.0412761904299259,9.14237689971924
8.706906943,0.142971158027649,0.297308206558228,9.2787675857544
8.726463558,0.322432845830917,0.840478956699371,8.74277591705322
8.74602111,0.274576395750046,1.37407839298248,8.14696311950684
8.765579391,0.119042925536633,1.61575353145599,8.01057243347168
8.785136787,0.0951147004961968,1.69950222969055,8.22592639923096
8.804693454,0.0927218794822693,1.69232380390167,8.70927619934082
8.824251006,0.30089744925499,1.71625208854675,9.1782693862915
8.843809287,0.698105990886688,1.79760801792145,9.38405227661133
8.863366683,0.78903329372406,1.8813568353653,9.2787675857544
8.882923402,0.494716078042984,1.88853526115417,9.3122673034668
8.902480902,0.157328084111214,1.56071853637695,9.81236743927002
8.922039183,0.253040999174118,1.24486601352692,10.8508520126343
8.941596579,0.896710276603699,1.28793680667877,11.8486595153809
8.961153298,1.43270254135132,1.67557406425476,11.405987739563
8.980710798,1.1910275220871,2.1756739616394,10.3411808013916
9.000269079,0.437288343906403,2.3264217376709,10.0085792541504
9.019826475,-0.0125623187050223,1.61575353145599,10.8699951171875
9.039383193,0.729212701320648,1.06779706478119,11.8654088973999
9.058940693,1.51645135879517,1.03669035434723,12.2315111160278
9.078498975,1.44945228099823,1.22572338581085,11.8917303085327
9.098056371,0.169292196631432,1.60857498645782,10.982458114624
9.117613089,-1.8813568353653,1.2113664150238,10.4823579788208
9.137170589,-2.18285250663757,-0.334396958351135,11.5974130630493
9.156728871,-0.433699101209641,-1.72941255569458,13.0019998550415
9.176286266,1.18384897708893,-2.15772771835327,12.7579317092896
9.195842985,1.2891331911087,-1.70548439025879,10.8436737060547
9.215400485,0.17168502509594,-0.394217520952225,8.99641513824463
9.234958766,-1.08215403556824,0.421734988689423,8.53938579559326
9.254516162,-1.76889419555664,0.687338292598724,9.02512836456299
9.274072829,-1.63728892803192,0.926620543003082,9.1256275177002
9.293630381,-1.22811627388,1.26400852203369,8.64706325531006
9.313188662,-0.881156921386719,1.45782721042633,7.74736166000366
9.332746058,-0.591625392436981,1.47936260700226,7.11565637588501
9.352302725,-0.261415868997574,1.55832576751709,7.06062126159668
9.371860277,0.0137587301433086,1.54396879673004,7.18744087219238
9.391418506,0.0209371987730265,1.36929273605347,7.48175811767578
9.410976006,-0.347557485103607,1.12761771678925,8.17328357696533
9.430532621,-0.708873689174652,1.08215403556824,8.98205757141113
9.450090173,-0.76151579618454,1.03908324241638,9.54437160491943
9.469648402,-0.562911510467529,1.06540429592133,9.78843879699707
9.489205902,-0.213559418916702,1.04626166820526,10.0133647918701
9.508762516,-0.029312077909708,1.19940233230591,10.1330060958862
9.528320016,-0.428913444280624,1.50807642936707,10.2502536773682
9.547878298,-1.42911326885223,2.04406881332397,10.5565357208252
9.567435693,-1.57746827602386,2.46281266212463,11.7218399047852
9.58699236,-1.20179522037506,2.35752844810486,12.7770748138428
9.606549912,-0.739980399608612,2.00099802017212,12.4349012374878
9.626108193,-0.558125853538513,1.51046931743622,10.5756778717041
9.645665589,-0.182452723383904,1.29032957553864,9.26680374145508
9.665222256,0.815354287624359,1.55832576751709,9.30987453460693
9.684779756,1.85383939743042,2.06321144104004,10.2550392150879
9.704338037,1.29631161689758,2.15413856506348,10.7312116622925
9.723895433,-0.273379981517792,1.5176477432251,11.0662069320679
9.743452152,-1.20658087730408,0.168095797300339,12.0209426879883
9.763009652,-0.306879490613937,-0.544965386390686,12.4540433883667
9.782567933,1.04027962684631,-0.389431893825531,10.9489583969116
9.802125329,1.26999056339264,0.0364905446767807,9.06102085113525
9.821681996,0.769890666007996,0.314057976007462,8.46520805358887
9.841239496,-0.0771685317158699,0.0221336092799902,9.32901763916016
9.860797777,-0.0508474819362164,-0.401396006345749,10.5421781539917
9.880355173,0.523429930210114,-0.47796630859375,10.6259269714355
9.899911839,1.07377910614014,-0.011365907266736,9.4055871963501
9.919469339,1.05942225456238,0.641874670982361,8.29053211212158
9.939027621,0.767497837543488,1.1012966632843,8.03450012207031
9.958585016,0.564107954502106,1.23290181159973,8.32642459869385
9.978141683,0.707677304744721,1.16590285301209,8.61117076873779
9.997699235,0.932602643966675,0.981655478477478,8.8911304473877
10.017257464,0.911067247390747,0.804586589336395,9.12323474884033
10.036814964,0.54017972946167,0.854835867881775,9.36730289459229
10.056371579,0.229112774133682,1.19461667537689,9.69751167297363
10.075929079,0.202791720628738,1.67557406425476,9.62333488464356
10.095487308,0.439681172370911,2.01296210289001,9.14237689971924
10.115044808,0.55932229757309,2.05124711990356,8.80738162994385
10.134601423,0.521037101745606,1.94117736816406,8.94137954711914
10.154158923,0.705284476280212,1.78085827827454,9.37448120117188
10.173717152,1.01156580448151,1.56550419330597,9.83629608154297
10.193274652,1.32263267040253,1.37407839298248,10.0923280715942
10.212831214,1.44945228099823,1.13479614257813,10.4991073608398
10.232388766,1.34416806697845,0.716052174568176,10.635498046875
10.251946996,1.81076848506928,-0.145363971590996,10.317253112793
10.271504391,2.46640205383301,-0.487537622451782,10.2957172393799
10.291061058,1.15513515472412,0.354735970497131,11.0470638275146
10.31061861,-1.2520444393158,2.04167580604553,12.2099761962891
10.330176839,-2.68773794174194,2.35274291038513,12.6861476898193
10.349734235,-1.93639171123505,1.16350996494293,12.1525478363037
10.369290902,-0.617946445941925,-0.0879362300038338,11.5734853744507
10.388848402,0.308075904846191,-0.906281590461731,11.3509521484375
10.408406683,0.415752947330475,-1.17667055130005,11.1260271072388
10.427964079,-0.263808697462082,-0.920638501644135,10.7455682754517
10.447520746,-0.771087110042572,-0.523429930210114,10.1186485290527
10.467078246,-0.883549749851227,-0.071186475455761,9.25005435943604
10.486636475,-0.7926225066185,0.28534409403801,8.49392223358154
10.506193871,-0.565304338932037,0.515055060386658,8.2761754989624
10.525750589,-0.194416835904121,0.589232563972473,8.62552738189697
10.545308089,0.140578329563141,0.598803877830505,8.71884727478027
10.564866318,0.379860579967499,0.766301453113556,8.35513877868652
10.584423714,0.255433827638626,1.07976126670837,7.87657403945923
10.603980381,0.183649137616158,1.30707931518555,7.72582626342773
10.623537881,0.071186475455761,1.20179522037506,7.99860811233521
10.64309611,0.104685992002487,0.974476993083954,8.69491958618164
10.66265361,0.0185443758964539,0.919442117214203,9.25723266601563
10.682210173,-0.299701035022736,1.11086785793304,9.4390869140625
10.701767673,-0.835693299770355,1.26640141010284,9.41037368774414
10.721325954,-1.182652592659,1.30707931518555,9.7070837020874
10.74088335,-0.902692317962647,1.20897364616394,10.1976118087769
10.760440016,-0.172881439328194,1.45064878463745,10.3459672927856
10.779997516,0.0999003425240517,1.96989119052887,9.64965534210205
10.799555746,-0.125024989247322,2.41734910011292,9.47737216949463
10.819113141,-0.749551713466644,2.4652054309845,9.94636535644531
10.838669808,-1.23768746852875,1.97706973552704,10.5062856674194
10.858227308,-0.931406199932098,1.23529469966888,11.121241569519
10.877785537,0.425324231386185,1.05344021320343,11.4323081970215
10.897342933,1.13838541507721,0.998405277729034,11.0111713409424
10.9168996,0.803390204906464,1.06779706478119,10.8915300369263
10.9364571,0.107078813016415,0.775872766971588,11.7577323913574
10.956015329,-0.304486691951752,-0.00179461692459881,12.7172536849976
10.975572725,-0.357128769159317,-0.80817586183548,12.935001373291
10.995129391,-0.342771857976913,-1.19581305980682,12.5186500549316
11.014686891,0.0831505879759789,-0.626321315765381,11.4682006835938
11.034245121,0.422931402921677,0.354735970497131,9.85304546356201
11.053802516,0.430109858512878,1.31425786018372,8.23789024353027
11.073359183,-0.0939182862639427,1.64925301074982,7.74736166000366
11.092916683,-0.529412031173706,1.12043917179108,8.74995422363281
11.112474912,-0.25663024187088,0.287736922502518,10.0133647918701
11.132032308,0.0209371987730265,-0.346361070871353,10.3890380859375
11.151588975,0.355932354927063,-0.20039889216423,9.83629608154297
11.171146475,0.425324231386185,0.421734988689423,8.95095157623291
11.190704704,0.336789786815643,1.05822587013245,8.2091760635376
11.2102621,0.217148661613464,1.38364970684052,7.81914615631104
11.229818766,0.138185501098633,1.49850523471832,7.76650428771973
11.249376266,0.238684058189392,1.53679037094116,8.13978481292725
11.268934496,0.372682124376297,1.50089800357819,8.62074184417725
11.288491891,0.535394072532654,1.50089800357819,8.74516868591309
11.308048558,0.73878401517868,1.53439748287201,8.57527828216553
11.327605954,0.894317448139191,1.59182524681091,8.54417133331299
11.347164287,0.91346001625061,1.56550419330597,9.02273559570313
11.366721631,1.14077818393707,1.4362918138504,9.8004035949707
11.386278298,1.53798675537109,1.47696971893311,10.3124675750732
11.405835798,2.08833599090576,1.99860513210297,10.178469657898
11.425394027,2.4783661365509,2.45802712440491,9.80758190155029
11.444951423,2.39222455024719,2.55613279342651,10.0181503295898
11.464508089,1.7796618938446,2.19242382049561,10.5804634094238
11.484065589,1.23649108409882,1.3668999671936,11.1762762069702
11.503623818,1.52841544151306,0.720837831497192,11.9754791259766
11.523181214,2.06440782546997,0.835693299770355,12.1310129165649
11.542737829,2.25344061851501,1.32861483097076,11.2719888687134
11.562295329,1.78923308849335,1.63250327110291,10.3148603439331
11.581853558,1.15513515472412,1.51046931743622,10.3698949813843
11.601410954,0.576072037220001,0.78065836429596,11.1164560317993
11.620967621,0.494716078042984,0.0747757107019424,11.7026977539063
11.640525121,0.647856712341309,0.058025948703289,11.4083805084229
11.66008335,0.839282512664795,0.431306272745132,10.3459672927856
11.679640746,0.961316525936127,0.775872766971588,9.30508899688721
11.69919736,1.33698964118958,1.07976126670837,8.93898677825928
11.71875486,1.69112741947174,0.931406199932098,9.33380317687988
11.738313089,1.70309150218964,0.321236431598663,10.1665048599243
11.757870485,1.6528422832489,-0.109471634030342,10.7958173751831
11.777427152,1.92323124408722,-0.324825674295425,10.6091775894165
11.796984652,2.27258324623108,-0.422931402921677,10.097113609314
11.816542881,2.25104784965515,-0.418145745992661,9.47976493835449
11.836100277,2.00219440460205,-0.317647218704224,8.92941570281982
11.855656891,1.53080832958221,-0.30089744925499,8.56331443786621
11.875214391,1.20538437366486,-0.322432845830917,8.61834907531738
11.894772621,0.946959555149078,-0.367896467447281,8.80259609222412
11.914330016,0.681356251239777,-0.628714144229889,8.94855880737305
11.933886683,0.564107954502106,-0.827318429946899,8.99880790710449
11.953444183,0.580857694149017,-0.750748097896576,9.1782693862915
11.973002412,0.710070133209229,-0.585643351078033,9.40080165863037
11.992559808,0.576072037220001,-0.48993045091629,9.31466007232666
12.012116423,0.310468733310699,-0.52821558713913,9.35533809661865
12.031673923,0.384646236896515,-0.750748097896576,9.89611625671387
12.051232152,0.829711258411408,-1.04985094070435,10.4010019302368
12.070789652,1.08095765113831,-1.29870450496674,10.7383899688721
12.090346214,1.04027962684631,-1.31306147575378,10.8029956817627
12.109903714,0.882353365421295,-1.3585250377655,10.8676023483276
12.129461943,0.604785919189453,-1.62173557281494,10.8341026306152
12.149019339,0.937388241291046,-1.68873453140259,10.8484592437744
12.168576006,1.53320109844208,-1.32502555847168,10.3411808013916
12.188133506,1.57387912273407,-0.901495933532715,9.76211833953857
12.207691735,0.934995472431183,-0.822532773017883,9.84347438812256
12.227249131,0.442073971033096,-1.02113711833954,10.7790679931641
12.246805746,0.662213683128357,-1.33698964118958,11.3724880218506
12.266363246,1.32263267040253,-1.56909346580505,10.7599248886108
12.285921475,1.82991111278534,-1.51884412765503,9.71426200866699
12.305478871,2.12901401519775,-1.15992081165314,9.53719329833984
12.325035537,2.19840574264526,-0.827318429946899,10.0348997116089
12.344593037,2.37786746025085,-0.848853826522827,10.1665048599243
12.364151266,2.33001112937927,-0.915852844715118,9.59462070465088
12.383708662,2.0572292804718,-0.772283494472504,9.30987453460693
12.403265329,1.41356003284454,-0.549750983715057,9.73101139068604
12.422822829,0.702891647815704,-0.276969224214554,10.3076820373535
12.442381058,0.107078813016415,-0.253040999174118,10.7479610443115
12.461938454,-0.141774743795395,-0.444466799497604,11.0279216766357
12.481495121,0.035294134169817,-0.604785919189453,11.0542421340942
12.501052621,0.506680190563202,-0.655035197734833,10.8987092971802
12.52061085,0.628714144229889,-0.595214605331421,10.5206432342529
12.540168246,0.487537622451782,-0.312861561775208,10.0468645095825
12.559724912,0.343968242406845,0.0436690114438534,9.66161918640137
12.579282412,0.413360118865967,0.553340256214142,9.29791069030762
12.598840641,0.743569612503052,1.00797653198242,9.10648441314697
12.618398037,1.02113711833954,1.37407839298248,9.1256275177002
12.637954704,1.00917291641235,1.53918313980103,9.33858871459961
12.657512204,0.846460998058319,1.46500563621521,9.83629608154297
12.677070433,0.676570594310761,1.26161575317383,10.5900344848633
12.696627829,0.647856712341309,1.13958179950714,10.9872436523438
12.716184496,0.401396006345749,0.986441135406494,11.5686988830566
12.735741996,-0.00538385100662708,0.7232306599617,12.0520496368408
12.755300277,-0.259023040533066,0.201595306396484,11.5639133453369
12.774857673,-0.0675972402095795,-0.233898416161537,10.860424041748
12.794414339,0.394217520952225,-0.616750061511993,10.4201440811157
12.813971839,0.724427044391632,-0.73878401517868,10.0875425338745
12.833530121,0.779461979866028,-0.700498819351196,10.0181503295898
12.853087516,0.844068169593811,-0.525822758674622,9.61137008666992
12.872644183,1.00917291641235,-0.00418743956834078,8.88873767852783
12.892201683,0.91346001625061,0.739980399608612,7.99621486663818
12.911759964,0.633499801158905,1.56789708137512,7.4004020690918
12.93131736,-0.0197407864034176,1.49611234664917,7.71386194229126
12.950874027,-0.842871785163879,0.955334424972534,9.0514497756958
12.970431527,-1.37168562412262,0.237487643957138,10.5996065139771
12.989989808,-1.24725878238678,-0.10229317098856,11.3078813552856
13.009547204,-0.871585667133331,-0.0305084884166718,10.5589284896851
13.029103923,-0.814157903194428,-0.0281156655400991,9.13998413085938
13.048661423,-0.737587571144104,0.00299102836288512,8.5369930267334
13.068219704,-0.799800992012024,0.165702968835831,8.68534755706787
13.0877771,-0.718445003032684,0.701695263385773,8.93659400939941
13.107333766,-0.962512910366058,1.41714918613434,8.94616603851318
13.126891318,-1.2113664150238,2.01774764060974,8.84805965423584
13.146449548,-1.31665062904358,2.20199513435364,8.80498886108398
13.166007048,-1.38125681877136,2.22353053092957,9.33380317687988
13.185563662,-1.28554391860962,1.94117736816406,10.1976118087769
13.205121214,-0.976869821548462,1.32622194290161,10.7359972000122
13.224679443,-0.560518682003021,0.811765074729919,10.7814607620239
13.244236943,-0.290129750967026,0.672981381416321,10.5493564605713
13.263793558,-0.261415868997574,1.01276218891144,10.3076820373535
13.28335111,-0.292522579431534,1.39082813262939,10.0037937164307
13.302909391,-0.160917326807976,1.66360998153687,9.92243766784668
13.322466787,-0.141774743795395,1.79042959213257,9.92243766784668
13.342023506,-0.4648058116436,1.83350038528442,10.0851488113403
13.361581006,-0.591625392436981,1.99621224403381,10.211968421936
13.381139287,-0.548554599285126,1.85503578186035,10.0133647918701
13.400696787,-0.878764092922211,1.51286208629608,10.3675022125244
13.420253454,-1.15393877029419,1.22333061695099,11.7792673110962
13.439810954,-1.23768746852875,1.03908324241638,12.5641136169434
13.459369235,-1.12283205986023,0.885942578315735,11.9515504837036
13.478926735,-0.455234497785568,0.964905738830566,11.2289180755615
13.49848335,0.566500782966614,1.19940233230591,10.9489583969116
13.518040902,0.97567343711853,1.45782721042633,11.0757780075073
13.537599183,0.343968242406845,1.25443732738495,11.2217397689819
13.557156683,-0.156131684780121,0.74237322807312,11.5615205764771
13.576713298,-0.0843469947576523,-0.133399859070778,11.7601251602173
13.59627085,0.298504620790482,-0.863210797309876,11.5495567321777
13.615829131,0.681356251239777,-1.03310120105743,10.9465656280518
13.635386631,0.930209815502167,-0.46839502453804,9.75494003295898
13.654943298,0.934995472431183,0.304486691951752,8.45563697814941
13.67450085,0.72681987285614,0.936191856861115,7.64925575256348
13.694059131,0.346361070871353,1.18743824958801,7.57986402511597
13.713616631,-0.0317048989236355,0.890728235244751,7.99142932891846
13.733173246,-0.065204419195652,0.347557485103607,8.53938579559326
13.752730798,0.217148661613464,-0.128614217042923,8.93420124053955
13.772289079,0.631106972694397,-0.279362052679062,8.86959552764893
13.791846579,0.882353365421295,-0.0472582466900349,8.41974449157715
13.811403246,0.923031330108643,0.448056042194366,8.00100040435791
13.830960798,0.812961518764496,0.998405277729034,7.75214719772339
13.850519079,0.633499801158905,1.47457695007324,7.89093065261841
13.870076579,0.501894533634186,1.82632184028625,8.07757091522217
13.889633246,0.442073971033096,1.9914265871048,8.34317398071289
13.909190798,0.626321315765381,1.93399894237518,8.84327411651611
13.928749079,0.956530869007111,1.83110749721527,9.30987453460693
13.948306579,1.31784701347351,1.70428788661957,9.8267240524292
13.967863246,1.38484609127045,1.45304155349731,10.2885389328003
13.987420798,1.25563371181488,1.21854496002197,10.757532119751
14.006979079,1.24127674102783,1.18983101844788,11.2576322555542
14.026536579,1.26999056339264,1.33579325675964,11.5399856567383
14.046093246,1.1910275220871,1.49371957778931,11.3605241775513
14.065650798,1.08335041999817,1.67078840732574,11.0973129272461
14.085209131,1.04745817184448,1.73300182819366,10.8652095794678
14.104766631,0.867996394634247,1.76410853862762,10.8221387863159
14.124323298,0.846460998058319,1.7425731420517,10.7886390686035
14.14388085,1.17188489437103,1.69950222969055,10.9154586791992
14.163439131,1.39441740512848,1.66121709346771,11.1523485183716
14.182996631,1.24127674102783,1.59900367259979,11.1092777252197
14.202553298,0.74596244096756,1.30229377746582,10.7886390686035
14.22211085,0.238684058189392,0.775872766971588,10.860424041748
14.241669183,-0.25663024187088,0.017347963526845,11.6596269607544
14.261226683,-0.244666114449501,-0.72681987285614,12.3248310089111
14.28078335,0.202791720628738,-1.06420791149139,12.049656867981
14.300340902,0.473180681467056,-0.858425140380859,10.8508520126343
14.319899183,0.312861561775208,-0.265005111694336,9.4725866317749
14.339456735,-0.180059909820557,0.323629260063171,8.62552738189697
14.359013402,-0.620339274406433,0.548554599285126,8.39103126525879
14.378570954,-0.687338292598724,0.393021106719971,8.45802974700928
14.398129235,-0.385842651128769,0.235094830393791,8.5369930267334
14.417686735,0.0592223592102528,0.232702001929283,8.41974449157715
14.437243402,0.45882374048233,0.460020154714584,7.97467947006226
14.456801006,0.564107954502106,1.02951192855835,7.52482891082764
14.476359287,0.494716078042984,1.62532472610474,7.14676284790039
14.495916787,0.343968242406845,1.96031999588013,7.00797939300537
14.515473454,0.0544367134571075,1.78803670406342,7.44825887680054
14.535031058,-0.113060869276524,1.35732865333557,8.57767105102539
14.554589339,-0.0987039357423782,0.897906720638275,9.72861862182617
14.574146839,-0.117846518754959,0.598803877830505,10.5637140274048
14.593703506,-0.354735970497131,0.598803877830505,11.023136138916
14.61326111,-0.481555551290512,0.847657442092896,10.8556385040283
14.632819391,-0.476769924163818,1.01036942005157,10.4321088790894
14.652376891,-0.153738856315613,1.47936260700226,10.29332447052
14.671933558,0.0209371987730265,2.21156620979309,10.211968421936
14.691491162,-0.26620152592659,2.70448780059814,9.86500930786133
14.711049443,-0.230309173464775,3.13280296325684,9.79322528839111
14.730606943,-0.237487643957138,3.07298254966736,10.195219039917
14.75016361,-0.469591438770294,2.2043879032135,10.9489583969116
14.769721214,-0.577268481254578,1.1012966632843,11.7864465713501
14.789279496,-0.0460618361830711,0.562911510467529,12.5593280792236
14.808836996,0.800997376441956,0.754337310791016,12.3990087509155
14.828393714,0.951745212078095,1.45782721042633,11.422737121582
14.847951266,0.631106972694397,1.77367973327637,11.0207424163818
14.867509548,-0.213559418916702,0.816550731658936,11.3629169464111
14.8870671,-0.00538385100662708,-0.475573509931564,12.327223777771
14.906623766,1.08574330806732,-1.15274226665497,12.628719329834
14.926181318,1.87776756286621,-0.846460998058319,11.3150596618652
14.9457396,1.40638148784637,0.182452723383904,9.18066215515137
14.965297152,0.391824722290039,0.895513892173767,8.08953475952148
14.984853818,-0.0867398232221603,0.725623488426209,8.61595630645752
15.004411371,-0.0747757107019424,0.218345060944557,9.53479957580566
15.023969704,-0.101096756756306,0.22552353143692,9.96072292327881
15.043527204,-0.129810631275177,0.658624410629273,9.60179901123047
15.063083871,-0.287736922502518,1.04147601127625,8.77148914337158
15.082641423,-0.591625392436981,1.35254299640656,7.91007328033447
15.102199756,-0.756730139255524,1.50089800357819,7.71625471115112
15.121757256,-0.768694281578064,1.64207458496094,7.96032285690308
15.141313923,-0.436091929674149,1.77367973327637,8.23789024353027
15.160871475,0.0233300216495991,1.7138592004776,8.37667369842529
15.180429808,0.549750983715057,1.70907354354858,8.41735172271729
15.199987308,1.03788685798645,1.99860513210297,8.18046283721924
15.219543975,0.968494951725006,2.68534517288208,8.00339317321777
15.239101579,0.69571316242218,3.23330163955688,8.11824893951416
15.25865986,0.516251504421234,3.15433835983276,8.56092166900635
15.278217412,0.607178747653961,2.64466714859009,9.13041305541992
15.297774079,0.769890666007996,2.29770803451538,9.80758190155029
15.317331631,0.815354287624359,2.4532413482666,10.6067848205566
15.336889964,0.688534736633301,3.08255386352539,10.6618194580078
15.356447464,0.482751965522766,3.64965271949768,10.0372924804688
15.376004131,-0.156131684780121,3.32183599472046,9.84825992584229
15.395561683,-0.369092881679535,2.02253341674805,10.6474628448486
15.415120016,0.109471634030342,0.878764092922211,11.8941230773926
15.434677516,0.858425140380859,1.02472627162933,12.2027969360352
15.454234183,0.930209815502167,1.79042959213257,11.3892374038696
15.473791787,0.341575443744659,2.46041989326477,10.9130659103394
15.493350068,-0.634696185588837,1.54875445365906,11.8845520019531
15.512907621,-0.651445984840393,-0.487537622451782,13.7198467254639
15.532464287,0.104685992002487,-1.60977149009705,14.5190496444702
15.552021839,1.162313580513,-0.714855790138245,12.5066862106323
15.571580173,0.707677304744721,0.993619620800018,9.13998413085938
15.591137725,-0.306879490613937,2.35274291038513,7.01037216186523
15.610694391,-0.826122045516968,2.23549461364746,7.26879692077637
15.630251943,-0.553340256214142,1.23050904273987,8.51067161560059
15.649810277,-0.0149551415815949,0.878764092922211,9.59222793579102
15.669367777,-0.14656038582325,0.955334424972534,9.80279636383057
15.688924443,-0.261415868997574,1.34775733947754,9.18544769287109
15.708482048,-0.187238365411758,1.75932288169861,8.16371250152588
15.728040381,0.0281156655400991,1.99381947517395,7.34776020050049
15.747597881,0.26979073882103,1.94357013702393,6.81655359268189
15.767154548,0.710070133209229,1.74975156784058,6.83569622039795
15.786712152,1.04985094070435,1.56789708137512,7.35254573822022
15.806270485,1.19581305980682,1.49132668972015,7.73779010772705
15.825827985,0.525822758674622,1.78085827827454,7.94357299804688
15.845384652,-0.0843469947576523,2.03210473060608,8.65902709960938
15.864942256,-0.414556533098221,2.0656042098999,9.58744239807129
15.884500589,-0.50548380613327,2.19242382049561,10.2646112442017
15.904058089,-0.471984267234802,2.30010080337524,10.9322080612183
15.923614808,-0.165702968835831,2.55374002456665,11.4323081970215
15.94317236,-0.182452723383904,2.7595226764679,11.5758781433105
15.962730693,-0.26620152592659,2.79780793190002,11.3892374038696
15.982288193,-0.314057976007462,2.46041989326477,11.5782709121704
16.001844912,-0.71126651763916,1.66839563846588,12.0281209945679
16.021402464,-0.931406199932098,1.25922286510468,12.6502552032471
16.040960798,-0.55573308467865,1.3788640499115,12.2219400405884
16.06051835,-0.058025948703289,1.75692999362946,10.6833553314209
16.080075016,0.286540508270264,2.14456725120544,9.70229721069336
16.099632621,0.578464865684509,2.31924343109131,9.77886772155762
16.119190954,0.233898416161537,1.66121709346771,10.4010019302368
16.138748454,0.0233300216495991,0.976869821548462,10.9537439346313
16.158305121,0.11186445504427,0.550947427749634,11.0829563140869
16.177862725,0.511465847492218,0.749551713466644,10.6953191757202
16.197421058,0.466002196073532,1.03429758548737,9.74536800384522
16.21697861,-0.0723828822374344,1.10847508907318,9.23330402374268
16.236535277,-0.25663024187088,0.73040908575058,9.42233753204346
16.256092829,0.255433827638626,0.383449822664261,9.74776077270508
16.275651162,0.755533754825592,0.400199592113495,9.5467643737793
16.295208714,0.750748097896576,0.936191856861115,8.93659400939941
16.314765381,0.442073971033096,1.39800667762756,8.35513877868652
16.334322985,0.16211374104023,1.56071853637695,8.21635437011719
16.353881318,0.2410768866539,1.44347023963928,8.37906646728516
16.373438818,0.492323249578476,1.32382917404175,8.37906646728516
16.392995537,0.310468733310699,1.30229377746582,8.39342403411865
16.412553089,0.0664008259773254,1.65403866767883,8.52024364471436
16.432111423,0.296111792325974,2.13260316848755,8.93180847167969
16.451668975,0.181256309151649,2.30249357223511,9.36251640319824
16.471225641,-0.0460618361830711,2.32402896881104,9.78126049041748
16.490783246,-0.0364905446767807,2.20678067207336,10.2622184753418
16.510341579,0.547358155250549,1.98185539245605,10.1497554779053
16.529899131,1.34416806697845,1.85742855072021,9.49890804290772
16.549455798,1.48773753643036,2.18285250663757,9.07059288024902
16.569013402,1.61455702781677,2.61834621429443,9.13041305541992
16.588571735,1.8610178232193,2.96051979064941,9.39123058319092
16.608129235,1.77726900577545,3.1686954498291,9.73818969726563
16.627685954,1.27956187725067,3.11844611167908,10.374680519104
16.647243558,0.841675341129303,2.68773794174194,11.0063858032227
16.666801839,1.01874423027039,2.06799697875977,11.4729862213135
16.686359391,1.37288200855255,1.96989119052887,11.6811618804932
16.70591611,1.19342029094696,2.44606304168701,11.2624177932739
16.725473662,0.320040017366409,2.51306200027466,10.7312116622925
16.745031996,-1.15872430801392,1.49132668972015,11.1690979003906
16.764589548,-1.80000078678131,-0.0927218794822693,12.7483606338501
16.784146214,-1.04865455627441,-1.34416806697845,13.4925289154053
16.803703818,0.140578329563141,-1.18145620822907,11.7218399047852
16.823262152,-0.0245264321565628,0.163310140371323,8.69252681732178
16.842819704,-0.613160789012909,1.69232380390167,6.68255567550659
16.862376371,-0.950548768043518,2.04406881332397,6.5748782157898
16.881933975,-0.349950313568115,1.182652592659,7.60618495941162
16.901492308,0.655035197734833,0.751944541931152,8.90070247650147
16.921049808,1.11445713043213,0.73040908575058,9.50847911834717
16.940606527,1.20538437366486,0.996012449264526,9.44626522064209
16.960164079,1.14556384086609,1.0438688993454,9.40080165863037
16.979722412,1.05702936649323,0.998405277729034,9.42951583862305
16.999279964,0.906281590461731,1.08933246135712,9.12084197998047
17.018836683,0.832104086875916,1.14915311336517,8.6303129196167
17.038394235,0.666999340057373,1.2807582616806,8.25703239440918
17.057952568,0.461216568946838,1.46500563621521,8.10389232635498
17.077510121,0.166899383068085,1.76650130748749,8.19960498809815
17.097066839,-0.115453690290451,1.88614249229431,8.38863754272461
17.116624391,-0.251844584941864,1.95553433895111,8.84088134765625
17.136182725,-0.220737889409065,1.96989119052887,9.33619594573975
17.155740277,-0.0317048989236355,2.04167580604553,9.55154991149902
17.175296943,0.166899383068085,2.27377963066101,9.81476020812988
17.194854548,0.365503668785095,2.67577385902405,10.2478609085083
17.214412881,0.454038083553314,3.04905414581299,10.5684995651245
17.233970433,0.279362052679062,3.27397966384888,10.4727869033813
17.2535271,-0.534197628498077,2.9030921459198,10.5565357208252
17.273084704,-0.859621524810791,2.10628223419189,11.6644124984741
17.292643037,-0.0699900612235069,1.36450707912445,12.5593280792236
17.312200589,1.01395857334137,1.15393877029419,11.6811618804932
17.331757256,1.29870450496674,1.20658087730408,10.2047901153564
17.35131486,1.06181502342224,1.13479614257813,10.6019992828369
17.370873193,0.420538574457169,0.675374209880829,12.633505821228
17.390430693,0.147756800055504,-0.16211374104023,14.1481618881226
17.409987412,0.272183567285538,-0.939781069755554,13.63609790802
17.429545016,0.918245673179627,-0.800997376441956,11.7098760604858
17.44910335,1.36570358276367,-0.0376869551837444,9.46780109405518
17.46866085,1.162313580513,0.687338292598724,7.99142932891846
17.488217568,0.169292196631432,0.845264613628388,7.91246604919434
17.507775121,-0.507876634597778,0.400199592113495,9.06341361999512
17.527333454,-0.309272319078445,0.0149551415815949,10.2454681396484
17.546891006,0.355932354927063,-0.224327117204666,10.3794660568237
17.566447673,0.966102123260498,-0.0185443758964539,9.54915714263916
17.586005277,0.968494951725006,0.44327038526535,8.46042251586914
17.60556361,0.722034215927124,1.08215403556824,7.83111047744751
17.625121162,0.549750983715057,1.46021997928619,7.69950485229492
17.644677829,0.487537622451782,1.575075507164,7.78086090087891
17.664235433,0.506680190563202,1.56071853637695,7.98903656005859
17.683793766,0.647856712341309,1.55114722251892,8.12782001495361
17.703351318,0.827318429946899,1.7138592004776,8.06799983978272
17.722907985,0.927816987037659,2.01774764060974,7.8717885017395
17.742465589,0.889531791210175,2.28095817565918,7.88614511489868
17.762023923,0.511465847492218,2.314457654953,8.01057243347168
17.781581423,0.274576395750046,2.39581370353699,8.46760082244873
17.801138141,0.487537622451782,2.44367003440857,9.14716243743897
17.820695693,0.923031330108643,2.56331133842468,9.73818969726563
17.840254027,1.29870450496674,2.67098832130432,10.1880407333374
17.859811579,1.39441740512848,2.68055963516235,10.640284538269
17.879368246,0.911067247390747,2.41495633125305,11.3677024841309
17.89892585,0.655035197734833,2.23788738250732,12.2674036026001
17.918484183,0.91346001625061,2.06799697875977,12.8033962249756
17.938041683,1.24127674102783,2.05364012718201,12.4133653640747
17.957598402,0.255433827638626,1.72821617126465,11.6620197296143
17.977155954,-1.76889419555664,0.287736922502518,12.4564361572266
17.996714287,-1.83350038528442,-1.54037952423096,14.0093784332275
18.016271839,0.0592223592102528,-2.28694033622742,14.0165567398071
18.035828506,1.57627189159393,-1.87537479400635,11.7218399047852
18.05538611,1.07617199420929,-1.03070831298828,9.05623531341553
18.074944443,-0.335593372583389,-0.150149613618851,7.77607536315918
18.094501943,-1.40039944648743,-0.0879362300038338,8.23310470581055
18.114058662,-1.13958179950714,-0.308075904846191,9.11366367340088
18.133616214,0.0233300216495991,-0.2410768866539,9.38165950775147
18.153174548,0.956530869007111,0.192024022340775,8.8504524230957
18.1727321,0.884746193885803,0.926620543003082,8.06799983978272
18.192288766,0.334396958351135,1.65403866767883,7.37408113479614
18.211846371,-0.397806763648987,2.07517552375793,7.41236639022827
18.231404652,-0.637089014053345,2.13978171348572,8.0416784286499
18.250962204,-0.172881439328194,1.81914341449738,8.5369930267334
18.270518871,0.190827608108521,1.44586312770844,8.67816925048828
18.290076475,0.193220421671867,1.13479614257813,9.0514497756958
18.309634808,-0.0532403029501438,0.957727253437042,9.75254726409912
18.329192308,-0.235094830393791,0.986441135406494,10.3005037307739
18.348749027,-0.292522579431534,1.24965167045593,10.3483600616455
18.368306579,-0.29491537809372,1.61336064338684,10.032506942749
18.387864912,-0.0675972402095795,1.90289223194122,9.81954574584961
18.407422464,0.293718993663788,2.22831606864929,9.9679012298584
18.426979131,0.446859627962112,2.64227437973022,10.2622184753418
18.446536683,0.454038083553314,2.78345084190369,10.5206432342529
18.466095016,0.140578329563141,2.37427830696106,10.6498556137085
18.485652568,-0.634696185588837,1.3214362859726,10.9322080612183
18.505209235,-0.235094830393791,0.608375132083893,11.8893375396729
18.524766839,1.54755806922913,0.754337310791016,12.0759773254395
18.544324994,2.42093825340271,1.45304155349731,10.9154586791992
18.563882546,1.23649108409882,2.03928303718567,10.4057874679565
18.583439212,-0.866800010204315,1.7138592004776,11.8414812088013
18.602996816,-1.05104732513428,0.589232563972473,13.8849515914917
18.62255515,0.681356251239777,-0.52821558713913,14.1720905303955
18.64211265,2.4783661365509,-0.7579265832901,11.748161315918
18.661669316,2.38983154296875,0.125024989247322,8.77388286590576
18.681226921,1.1742776632309,0.744766056537628,7.75453996658325
18.700785254,0.255433827638626,0.388235479593277,8.63988399505615
18.720342754,0.511465847492218,-0.157328084111214,9.46301555633545
18.739899421,0.949352383613586,-0.355932354927063,9.24048328399658
18.759457025,1.03310120105743,-0.0951147004961968,8.47238636016846
18.779015358,0.573679208755493,0.385842651128769,7.9316086769104
18.798572858,-0.0197407864034176,0.964905738830566,7.5774712562561
18.818129525,-0.26620152592659,1.31425786018372,7.07737112045288
18.837687129,0.255433827638626,1.31425786018372,7.11087083816528
18.857245462,0.791426062583923,1.21615207195282,7.8215389251709
18.876802962,0.542572557926178,1.45543432235718,8.13978481292725
18.896359681,0.147756800055504,1.99860513210297,8.17089080810547
18.915917233,0.011365907266736,2.50109791755676,7.99142932891846
18.935475566,0.348753899335861,2.93180584907532,8.11346340179443
18.955033066,0.836889743804932,2.97248387336731,8.80020332336426
18.974589785,1.10249304771423,2.71405911445618,9.79322528839111
18.994147337,1.26520502567291,2.69730925559998,10.879566192627
19.013705671,1.50209438800812,2.88873505592346,11.3700952529907
19.033263171,1.46141648292542,2.94855570793152,11.0781707763672
19.052819837,1.52362978458405,2.64706015586853,10.7048902511597
19.072377441,1.82512545585632,2.11824631690979,10.8867444992065
19.091935775,2.30368995666504,1.90767788887024,11.5734853744507
19.111493275,2.41375994682312,2.18285250663757,11.6380910873413
19.131049941,1.54277241230011,2.21156620979309,11.1547412872314
19.150607546,0.0209371987730265,0.885942578315735,10.7072830200195
19.170165827,-0.637089014053345,-1.29152607917786,11.9778718948364
19.189723379,-0.29491537809372,-2.92582392692566,14.5501565933228
19.209280046,0.911067247390747,-2.83489656448364,14.6291198730469
19.228837598,1.02113711833954,-1.75812637805939,11.3916301727295
19.248395931,0.341575443744659,0.546161770820618,8.25224685668945
19.267953431,-0.728016316890717,2.00817632675171,6.93858766555786
19.28751015,-1.83589315414429,1.81675064563751,7.51765060424805
19.307067702,-1.17786693572998,0.866800010204315,8.69252681732178
19.326626035,-0.00538385100662708,0.148953214287758,9.50847911834717
19.346183535,0.702891647815704,0.0867398232221603,9.81476020812988
19.365740202,0.547358155250549,0.558125853538513,8.88873767852783
19.385297754,0.449252456426621,1.25443732738495,7.88614511489868
19.404856087,0.363110840320587,1.34057891368866,7.52243614196777
19.424413639,0.315254390239716,1.31665062904358,7.66122007369995
19.443970306,0.236291229724884,1.34297168254852,7.91007328033447
19.463527858,0.236291229724884,1.2400803565979,8.22831916809082
19.483086191,0.135792687535286,1.10608232021332,8.51785087585449
19.502643691,-0.0771685317158699,1.17308127880096,8.90788078308106
19.522200358,-0.273379981517792,1.29511523246765,9.50847911834717
19.54175791,-0.299701035022736,1.45543432235718,10.0061864852905
19.561316244,-0.321236431598663,1.7425731420517,10.2909317016602
19.580873744,-0.589232563972473,2.03210473060608,10.357931137085
19.60043041,-0.699302434921265,2.36949253082275,10.4177513122559
19.619988014,-0.7232306599617,2.58963227272034,10.5110712051392
19.639546296,-0.749551713466644,2.66859555244446,10.6498556137085
19.659103796,-0.651445984840393,2.41495633125305,10.6881408691406
19.678660462,-0.608375132083893,1.61096787452698,11.1451692581177
19.698218066,-0.503090977668762,0.795015335083008,12.1357984542847
19.717776348,0.461216568946838,0.6801598072052,12.6478624343872
19.737333848,1.34895372390747,1.47457695007324,11.7098760604858
19.756890514,0.925424158573151,2.07517552375793,10.415358543396
19.776448119,-0.323629260063171,1.75214433670044,10.5493564605713
19.7960064,-0.684945464134216,0.208773776888847,12.4588289260864
19.815563952,0.544965386390686,-0.985244750976563,14.1361980438232
19.835120566,1.78684031963348,-1.10967147350311,12.9015016555786
19.854678171,1.74376952648163,-0.0879362300038338,9.9942216873169
19.874236452,1.02831554412842,0.964905738830566,8.24985408782959
19.893793952,0.126221388578415,1.05344021320343,8.50588607788086
19.913350619,0.138185501098633,0.220737889409065,9.54915714263916
19.932908223,0.626321315765381,-0.26979073882103,10.137791633606
19.952466504,0.791426062583923,-0.159720912575722,9.73579692840576
19.972024004,0.501894533634186,0.49351966381073,8.77627563476563
19.991580671,0.116650104522705,1.15872430801392,8.0416784286499
20.011138223,-0.117846518754959,1.67557406425476,7.5607213973999
20.030696556,-0.0484546571969986,1.99621224403381,7.14915561676025
20.050254056,0.229112774133682,2.09671092033386,6.72801923751831
20.069810723,0.504287362098694,2.11346054077148,6.50309371948242
20.089368275,0.664606511592865,2.15413856506348,6.69691228866577
20.108926556,0.702891647815704,2.18285250663757,7.21136903762817
20.128484108,0.853639483451843,2.27617263793945,7.71386194229126
20.148040775,0.791426062583923,2.51306200027466,8.16131973266602
20.167598327,0.537786900997162,2.75473713874817,8.60638523101807
20.187156608,0.272183567285538,2.90548491477966,9.82193851470947
20.206714108,0.123828575015068,2.94377017021179,11.7744817733765
20.226270775,0.212363004684448,2.74038004875183,12.8105745315552
20.245828327,0.860817968845367,2.52502608299255,12.3344020843506
20.265386608,1.45902359485626,2.34556436538696,11.2935247421265
20.28494416,1.56909346580505,2.25942277908325,10.5469636917114
20.304500775,2.17687034606934,1.93160605430603,10.073184967041
20.324058379,2.59800720214844,1.59900367259979,10.1593265533447
20.34361666,2.12422823905945,1.77367973327637,11.0757780075073
20.36317416,1.04267251491547,2.2043879032135,11.1164560317993
20.382730827,-0.854835867881775,1.85742855072021,10.3627166748047
20.402288379,-2.23788738250732,0.649053156375885,11.1523485183716
20.42184666,-1.575075507164,-0.719641387462616,12.3990087509155
20.44140416,-0.017347963526845,-0.80817586183548,12.8632164001465
20.460960827,-0.0532403029501438,-0.308075904846191,11.8678016662598
20.480518379,-0.847657442092896,0.50548380613327,10.3531455993652
20.500076712,-1.38604247570038,1.06061863899231,9.23091125488281
20.519634212,-1.0151549577713,1.24486601352692,8.66141986846924
20.539190879,-0.14656038582325,1.19700956344605,8.34556674957275
20.558748431,0.410967290401459,1.06061863899231,8.09432125091553
20.578306712,0.611964404582977,1.00319087505341,8.00339317321777
20.597864212,0.645463883876801,0.97926265001297,8.03928565979004
20.617420879,0.741176843643189,0.99122679233551,8.1493558883667
20.636978431,0.678963422775269,1.11565351486206,8.27378273010254
20.656536712,0.592821836471558,1.20658087730408,8.29292488098145
20.676094212,0.73878401517868,1.16829562187195,8.00339317321777
20.695650879,1.0929217338562,1.30468654632568,7.66839838027954
20.715208431,0.877567708492279,1.60139656066895,8.32881736755371
20.734766764,-0.0125623187050223,1.94596302509308,9.87218761444092
20.754324264,-0.476769924163818,2.13021039962769,10.640284538269
20.773880879,-0.76151579618454,2.39820647239685,10.2957172393799
20.793438483,-1.21854496002197,2.68055963516235,10.3914308547974
20.812996764,-1.55354011058807,2.64706015586853,11.365309715271
20.832554264,-1.77367973327637,2.24506592750549,12.0544424057007
20.852110931,-1.60378932952881,1.83828604221344,11.7936248779297
20.871668483,-1.0438688993454,1.5056836605072,10.9250297546387
20.891226764,-0.570089995861054,1.01994061470032,10.357931137085
20.910784316,-0.261415868997574,0.455234497785568,10.0995063781738
20.930340931,0.320040017366409,0.407378047704697,10.2263259887695
20.949898483,1.20299160480499,1.44586312770844,9.96311569213867
20.969456816,0.906281590461731,1.96510565280914,9.70229721069336
20.989014316,-0.153738856315613,1.76410853862762,10.1880407333374
21.008570983,-0.862014353275299,0.476769924163818,11.5998058319092
21.028128535,0.0161515530198813,-0.461216568946838,12.310474395752
21.047686816,0.889531791210175,-0.767497837543488,11.7720890045166
21.067244369,1.34416806697845,-0.544965386390686,10.9034948348999
21.086800983,1.55952215194702,-0.382253408432007,10.2311115264893
21.106358587,1.27716910839081,-0.336789786815643,10.0013999938965
21.125916869,0.619142830371857,-0.231505587697029,10.2263259887695
21.145474369,0.28175488114357,0.0819541737437248,10.3938236236572
21.165031035,0.0257228426635265,0.498305320739746,9.8410816192627
21.184588587,-0.220737889409065,0.99122679233551,8.84088134765625
21.204146921,-0.244666114449501,1.33818602561951,8.10149955749512
21.223704421,-0.254237413406372,1.51046931743622,7.60857772827148
21.243261087,-0.220737889409065,1.67318117618561,7.57986402511597
21.262818639,-0.184845551848412,1.89092814922333,7.81196784973145
21.282376921,-0.0149551415815949,2.05124711990356,8.02014350891113
21.301934421,0.154935270547867,2.08953237533569,8.23310470581055
21.321491087,0.233898416161537,2.19003081321716,8.23310470581055
21.341048691,0.217148661613464,2.38145685195923,8.21156883239746
21.360606973,0.071186475455761,2.52024054527283,8.8313102722168
21.380164473,-0.498305320739746,2.34556436538696,9.64965534210205
21.399721139,-0.835693299770355,2.38624238967896,9.88415241241455
21.419278744,0.707677304744721,2.12542462348938,10.4464654922485
21.438837025,2.91625261306763,1.33340036869049,10.9537439346313
21.458394525,3.68913435935974,1.09890377521515,10.9848508834839
21.477951191,2.93300247192383,1.55114722251892,10.618748664856
21.497508744,2.17447757720947,2.24745869636536,11.0207424163818
21.517067077,1.57866477966309,2.28095817565918,11.7026977539063
21.536624577,0.430109858512878,1.50089800357819,12.0137643814087
21.556181244,-1.04865455627441,0.194416835904121,12.4420795440674
21.575738796,-1.52482628822327,-1.30827581882477,12.5856485366821
21.595297129,-0.790229678153992,-1.7629120349884,12.147762298584
21.614854629,0.442073971033096,-1.20299160480499,11.0111713409424
21.634411296,0.844068169593811,-0.327218502759933,9.82193851470947
21.653968848,0.607178747653961,0.282951265573502,9.1447696685791
21.673527181,-0.349950313568115,0.062811590731144,9.13041305541992
21.693084681,-0.905085146427155,-0.358325183391571,9.75972557067871
21.712641348,-0.670588552951813,-0.681356251239777,10.3914308547974
21.732198952,-0.0532403029501438,-0.341575443744659,10.3196458816528
21.751757233,-0.0245264321565628,0.625124931335449,9.07298564910889
21.771314733,-0.0795613527297974,1.58943247795105,7.83111047744751
21.7908714,-0.22552353143692,2.08235383033752,7.24247598648071
21.810429004,-0.0819541737437248,1.88374960422516,7.49850797653198
21.829987285,0.355932354927063,1.41236352920532,8.00100040435791
21.849544837,0.571286380290985,1.13718891143799,8.22114086151123
21.869101504,0.434895515441895,1.13240337371826,8.61117076873779
21.888659056,0.152542442083359,1.1132607460022,9.06102085113525
21.908217389,-0.134596273303032,1.13718891143799,9.51087188720703
21.927774889,-0.440877586603165,1.19222390651703,9.78126049041748
21.947331556,-0.546161770820618,1.21375930309296,9.93200874328613
21.966889108,-0.689731121063232,1.34536457061768,9.49890804290772
21.986447441,-0.881156921386719,2.00578355789185,9.02752208709717
22.006004941,-1.00319087505341,2.74516582489014,8.94137954711914
22.025561608,-0.74237322807312,3.23569440841675,8.99402236938477
22.045119212,-0.249451756477356,3.15912413597107,9.72861862182617
22.064677494,-0.297308206558228,2.5800609588623,10.8867444992065
22.084235046,-0.57487565279007,1.79282236099243,11.2480611801147
22.103791712,-0.103489577770233,1.29511523246765,11.724232673645
22.123349264,1.30588293075562,1.4482558965683,11.7984104156494
22.142907598,1.80119729042053,1.65164577960968,11.2695960998535
22.162465098,1.54037952423096,1.75692999362946,11.2313108444214
22.182021764,0.487537622451782,1.09651100635529,11.7218399047852
22.201579316,-0.0891326442360878,-0.0975075215101242,12.6813621520996
22.22113765,0.413360118865967,-1.05702936649323,13.3393878936768
22.240695202,1.04745817184448,-0.800997376441956,12.2578325271606
22.260251869,0.853639483451843,0.359521597623825,9.86740207672119
22.279809421,0.334396958351135,1.2113664150238,8.12303447723389
22.299367754,0.0281156655400991,1.30468654632568,7.85743141174316
22.318925254,0.262612283229828,0.708873689174652,8.68534755706787
22.338481921,0.602393090724945,0.26620152592659,9.24287605285645
22.358039473,0.657428026199341,0.223130717873573,9.35533809661865
22.377597806,0.257826626300812,0.4648058116436,9.24287605285645
22.397155358,-0.0077766734175384,0.591625392436981,8.96770095825195
22.416712025,0.176470667123795,0.596411049365997,8.91266632080078
22.436269577,0.394217520952225,0.641874670982361,8.6973123550415
22.45582791,0.351146727800369,0.92901337146759,8.42213726043701
22.47538541,0.236291229724884,1.22333061695099,8.43649482727051
22.494942077,0.0951147004961968,1.42193484306335,8.93180847167969
22.514499681,0.157328084111214,1.52721905708313,8.9916296005249
22.534057962,0.150149613618851,1.57986116409302,8.89591598510742
22.553615462,0.150149613618851,1.73539459705353,9.19980525970459
22.573172181,0.198006078600883,1.90767788887024,9.33858871459961
22.592729733,0.28175488114357,1.87657117843628,9.42712306976318
22.612288066,0.387039065361023,1.7712869644165,9.99182891845703
22.631845566,0.343968242406845,2.01296210289001,10.676176071167
22.651402233,-0.213559418916702,2.67338109016418,11.0901346206665
22.670959837,-0.175274252891541,2.90548491477966,10.4368944168091
22.690518119,-0.0819541737437248,2.37667107582092,10.171290397644
22.710075671,0.511465847492218,1.40997076034546,10.4201440811157
22.729632337,1.08813607692719,1.27118706703186,10.154541015625
22.749189889,0.848853826522827,1.98903381824493,10.0995063781738
22.768748223,0.645463883876801,2.71166634559631,10.2263259887695
22.788305723,0.688534736633301,2.35274291038513,10.4536437988281
22.807862441,0.265005111694336,1.91246354579926,11.2480611801147
22.827419994,-0.412163704633713,1.93160605430603,11.5184497833252
22.846978327,-0.498305320739746,1.85982143878937,11.1236343383789
22.866535827,-0.328414916992188,1.79760801792145,9.8267240524292
22.886092494,-0.82372921705246,1.7425731420517,9.68554782867432
22.905650098,-1.02951192855835,1.14676022529602,10.6426773071289
22.925208431,-0.981655478477478,0.172881439328194,11.023136138916
22.944765931,-1.09890377521515,-0.190827608108521,10.6450700759888
22.964322598,-0.895513892173767,0.304486691951752,9.41037368774414
22.983880202,-1.1012966632843,0.809372246265411,8.24028301239014
23.003438535,-1.61336064338684,1.04147601127625,8.39581680297852
23.022996035,-1.74496591091156,0.661017239093781,9.36012363433838
23.042552702,-1.48414826393127,0.163310140371323,10.3435745239258
23.062110306,-1.31186497211456,0.0747757107019424,10.5206432342529
23.081668639,-1.08693969249725,0.376271367073059,9.91286563873291
23.101226139,-0.850050270557404,0.797408163547516,9.30748176574707
23.120782806,-0.751944541931152,1.23290181159973,8.85284519195557
23.14034041,-0.847657442092896,1.59900367259979,8.37667369842529
23.159898744,-0.92901337146759,1.63489603996277,8.34078121185303
23.179456244,-0.945763170719147,1.57268273830414,8.61356353759766
23.199012962,-0.972084224224091,1.52243340015411,8.82891750335693
23.218570514,-1.07976126670837,1.54396879673004,9.18305492401123
23.238128848,-1.3788640499115,1.61814630031586,9.32662487030029
23.2576864,-1.77367973327637,1.8119649887085,9.49172878265381
23.277243066,-1.88853526115417,2.2163519859314,10.1306133270264
23.296800671,-1.57986116409302,2.54416871070862,10.3076820373535
23.316358952,-0.943370342254639,2.58723950386047,10.0013999938965
23.335916504,-0.330807715654373,2.41734910011292,9.96550846099854
23.355473223,-0.101096756756306,2.19003081321716,10.4775724411011
23.375030775,-0.153738856315613,1.76410853862762,10.9130659103394
23.394589108,-0.160917326807976,1.14676022529602,10.879566192627
23.41414666,-0.175274252891541,0.917049288749695,10.8412809371948
23.433703327,-0.371485710144043,1.07976126670837,11.0805635452271
23.453260931,-0.527019202709198,1.20179522037506,11.0135641098022
23.472819264,-0.139381915330887,1.35732865333557,10.6977119445801
23.492376764,0.0687936544418335,1.77367973327637,10.3435745239258
23.511933483,0.00179461692459881,2.31924343109131,10.3555383682251
23.531491035,-0.26620152592659,1.85025012493134,10.6570339202881
23.551049369,-0.471984267234802,0.869192838668823,10.594820022583
